Player,ano,GPosBench,cp1,altura,peso,Bench
K.J. Wright,2011,g5,-0.889961819459908,190.5,111.583632,20
Justin Harrell,2007,g4,-25.2738853063909,193.04,136.0776,24
Jarius Wynn,2009,g5,-13.6562023511707,190.5,124.7378,19
Senquez Golson,2015,g6,33.5989206519696,175.26,79.832192,15
Stanley Wilson,2005,g6,27.8000743757197,182.88,83.91452,14
Dwayne Harris,2011,g6,21.1008073152521,177.8,92.079176,10
Jonathan Crawford,2019,g6,18.3834673742427,185.42,92.98636,16
Dorin Dickerson,2010,g5,9.1389483685211,185.42,102.511792,24
Dustin Fry,2007,g4,-30.8245947903679,190.5,142.427888,34
Emmanuel Sanders,2010,g6,27.9721623714751,180.34,84.368112,12
Kevin Barry,2002,g4,-36.279265075107,193.04,147.4174,24
Aldrick Robinson,2011,g6,29.4648959394764,177.8,83.460928,17
Minkah Fitzpatrick,2018,g6,20.1443281372373,185.42,91.171992,14
O.J. Murdock,2011,g6,23.742098459744,177.8,89.357624,15
Coby Fleener,2012,g5,-3.16708656972068,198.12,112.037224,27
Daryl Worley,2016,g6,18.8236825649913,185.42,92.532768,14
Montee Ball,2013,g6,16.258440217017,177.8,97.068688,15
Gerrick McPhearson,2006,g6,24.1823136504926,177.8,88.904032,18
Nate Davis,2019,g4,-31.7050251718652,190.5,143.335072,23
D.J. Humphries,2015,g4,-28.9676948281355,195.58,139.252744,26
Jeff Allison,2019,g5,9.48312436003189,180.34,103.418976,12
David Cobb,2015,g6,9.04290916928324,180.34,103.872568,17
Adam Koets,2007,g4,-25.0057581113976,195.58,135.170416,20
Qasim Mitchell,2002,g4,-41.2937201690975,195.58,151.95332,22
Tegray Scales,2018,g5,7.99039079203056,182.88,104.32616,27
Datone Jones,2013,g5,-17.7902270636639,193.04,128.366536,29
Antwan Barnes,2007,g5,2.97593569804005,185.42,108.86208,31
Colton McKivitz,2020,g4,-29.1397828238908,198.12,138.799152,20
Brandon Kaufman,2013,g6,11.0918875299914,195.58,97.975872,9
Jason Worilds,2010,g5,-3.18707697244101,185.42,115.212368,24
Garrett Graham,2010,g5,0.430683752786034,190.5,110.222856,20
Oday Aboushi,2013,g4,-29.4079100188841,195.58,139.706336,17
Derrick Chambers,2001,g4,-24.8336701156422,193.04,135.624008,32
Jordan Hicks,2015,g5,4.73679646103463,185.42,107.047712,20
Cameron Stephenson,2007,g4,-27.3028732643787,190.5,138.799152,34
Dustin Keller,2008,g5,1.48320213003872,187.96,109.769264,26
J.J. Wilcox,2013,g6,15.4740490347576,182.88,96.615096,17
Ian Johnson,2009,g6,16.5265674120102,180.34,96.161504,26
Maurice Hicks,2002,g6,22.421452887498,177.8,90.7184,19
Darius Fleming,2012,g5,0.162556557792777,187.96,111.13004,27
Dres Anderson,2015,g6,26.3073408077183,185.42,84.821704,13
Asa Jackson,2012,g6,26.3833896042359,177.8,86.636072,19
John Cominsky,2019,g4,-19.7231758224139,195.58,129.727312,22
Zach Hilton,2003,g5,-10.9949208039585,203.2,118.841104,24
Jameel McClain,2008,g5,-0.986001018697773,185.42,112.944408,24
Josh Johnson,2013,g6,23.4739712647507,175.26,90.264808,16
Darrent Williams,2005,g6,33.5989206519696,175.26,79.832192,16
Dusty Dvoracek,2006,g4,-27.3028732643787,190.5,138.799152,31
Rashidi Barnes,2000,g6,17.6751249885008,182.88,94.347136,10
Sam Webb,2022,g6,19.7041129464886,185.42,91.625584,14
Darcel McBath,2009,g6,22.0772768959873,182.88,89.811216,14
Kindle Vildor,2020,g6,26.3833896042359,177.8,86.636072,22
Uyi Osunde,2004,g5,-3.53125296395179,190.5,114.305184,33
Shane Vereen,2011,g6,18.0193009800116,177.8,95.25432,31
John Lotulelei,2013,g5,7.28204840628865,180.34,105.686936,25
Kermit Whitfield,2017,g6,30.2492871217358,172.72,83.91452,8
Greg Randall,2000,g4,-41.0255929741043,198.12,151.046136,22
Mario Williams,2006,g5,-24.9097189121598,200.66,133.80964,35
Marcus Davenport,2018,g5,-10.6507448124477,198.12,119.748288,22
Chris Owens,2009,g6,30.7855415117223,177.8,82.100152,14
Chris Warren,2018,g6,-0.717873823704517,187.96,112.037224,25
Haason Reddick,2017,g5,4.29658127028598,185.42,107.501304,24
Tyler Starr,2014,g5,-3.26312576895853,193.04,113.398,24
Orien Harris,2006,g4,-25.1017973106355,190.5,136.531192,25
Freddy Keiaho,2006,g5,11.2439851230265,180.34,101.604608,15
Anthony Hitchens,2014,g5,3.5882388845441,182.88,108.86208,23
Davin Joseph,2006,g4,-29.503949218122,190.5,141.067112,24
Jonas Jennings,2001,g4,-40.2412017918449,193.04,151.499728,31
Dwan Epps,2000,g5,2.09550531654276,185.42,109.769264,8
Adrian Peterson,2002,g6,16.258440217017,177.8,97.068688,14
Jonah Jackson,2020,g4,-27.3028732643787,190.5,138.799152,28
O.J. Howard,2017,g5,-4.92794733271527,198.12,113.851592,22
Terron Armstead,2013,g4,-28.5274796373868,195.58,138.799152,31
Quincy Enunwa,2014,g6,8.96686037276571,187.96,102.0582,19
David Reed,2010,g6,25.1587832312278,182.88,86.636072,15
Vincent Burns,2005,g5,-8.29757126566938,182.88,121.109064,25
Spencer Larsen,2008,g5,3.24406289303329,187.96,107.954896,27
Evan Engram,2017,g5,4.39262046952384,190.5,106.140528,19
Cole Pemberton,2010,g4,-33.7140227271327,200.66,142.88148,18
Greg Gaines,2019,g4,-28.7195580358625,185.42,141.520704,30
Michael Keathley,2001,g4,-28.79560683238,193.04,139.706336,28
Mike Davis,2015,g6,15.5500978312751,175.26,98.429464,17
Mark Nzeocha,2015,g5,5.88535403752518,187.96,105.233344,24
Keith Kelsey,2017,g5,6.66974521978461,182.88,105.686936,23
Syndric Steptoe,2007,g6,25.675047218494,175.26,87.996848,17
Alvin Bailey,2013,g4,-29.9441644088706,190.5,141.520704,27
Rob Havenstein,2015,g4,-36.3553138716246,200.66,145.603032,16
Chandler Jones,2012,g5,-10.9188720074409,195.58,120.655472,22
Corey White,2012,g6,19.1678585565021,180.34,93.439952,15
Lj Scott,2019,g6,9.3110363642765,182.88,102.965384,21
Geno Stone,2020,g6,19.3399465522575,177.8,93.893544,12
Lydon Murtha,2009,g4,-29.7520860103949,200.66,138.799152,25
DeAngelo Malone,2022,g5,0.430683752786034,190.5,110.222856,23
Michael Bennett,2009,g5,-13.215987160422,190.5,124.284208,24
Daniel Wise,2019,g4,-16.2974934956625,190.5,127.459352,22
A.J. Green,2020,g6,19.7041129464886,185.42,91.625584,13
Michael Thomas,2016,g6,14.0773546659941,190.5,96.161504,18
Ego Ferguson,2014,g4,-31.2648099811166,190.5,142.88148,24
Jamie Harper,2011,g6,7.28204840628865,180.34,105.686936,24
Willie Gay Jr.,2020,g5,1.65529012579411,185.42,110.222856,21
Julian Love,2019,g6,24.0102256547372,180.34,88.45044,14
Kyle Emanuel,2015,g5,-4.85189853619773,190.5,115.66596,27
Alex Wesley,2019,g6,25.5989984219764,182.88,86.18248,13
Antoine McClain,2012,g4,-38.6524290246057,195.58,149.231768,19
Tyus Bowser,2017,g5,-1.33017701020856,190.5,112.037224,21
Paul Zukauskas,2001,g4,-28.9676948281355,195.58,139.252744,22
David Diehl,2003,g4,-30.9006435868854,198.12,140.61352,22
Brandon Hughes,2009,g6,30.3453263209737,177.8,82.553744,8
Jurrell Casey,2011,g4,-23.4369757468788,185.42,136.0776,26
Drew Morgan,2017,g6,25.5989984219764,182.88,86.18248,10
Adrian Taylor,2011,g4,-29.503949218122,190.5,141.067112,34
Chris Thompson,2013,g6,27.7800839729993,170.18,87.089664,21
Niles Paul,2011,g6,10.0193787500184,185.42,101.604608,24
Marvin Philip,2006,g4,-26.5184820821193,185.42,139.252744,27
Andre Holmes,2011,g6,14.3454818609873,193.04,95.25432,11
William James,2001,g6,22.5174920867359,182.88,89.357624,13
Cory Redding,2003,g5,-16.0293663006693,193.04,126.552168,24
Tony Tella,2006,g4,-28.3553916416314,193.04,139.252744,24
Duke Williams,2013,g6,20.4885041287481,180.34,92.079176,13
Darryl Blackstock,2005,g5,-1.33017701020856,190.5,112.037224,25
Zack Baun,2020,g5,3.24406289303329,187.96,107.954896,24
Dwight Jones,2012,g6,6.15348123251843,190.5,104.32616,14
Chaun Thompson,2003,g5,2.36363251153601,187.96,108.86208,29
Ricky Williams,2002,g6,28.6605143544966,170.18,86.18248,19
Derwin James,2018,g6,12.7567090937481,190.5,97.52228,21
Alex Carter,2015,g6,22.9577072774845,182.88,88.904032,17
Justyn Ross,2022,g6,16.5465578147306,193.04,92.98636,11
Jared Smith,2013,g4,-25.5420125013841,190.5,136.984784,28
Dwight Freeney,2002,g5,-8.46965926142478,185.42,120.655472,28
Jon Bostic,2013,g5,0.774859744296816,185.42,111.13004,22
Anthony Arline,2007,g6,20.4124553322305,187.96,90.264808,12
Jimmy Young,2011,g6,19.4359857514954,182.88,92.532768,19
Darius Marshall,2010,g6,27.4359079814886,175.26,86.18248,14
DeAndre Jackson,2007,g6,24.8906560362345,180.34,87.543256,14
Jon Abbate,2007,g5,8.77478197428998,177.8,104.779752,26
Zack Williams,2011,g4,-28.6235188366247,190.5,140.159928,28
Fadol Brown,2017,g5,-13.3880751561774,193.04,123.830616,19
Charone Peake,2016,g6,16.0103034247441,187.96,94.800728,12
Ryan Smith,2016,g6,26.6515167992291,180.34,85.728888,18
Claude Terrell,2005,g4,-42.9785321355746,187.96,155.582056,27
Philip Wheeler,2008,g5,-1.15808901445316,187.96,112.490816,24
Frank Romero,2002,g4,-25.2738853063909,193.04,136.0776,22
Tydreke Powell,2012,g4,-28.8916460316179,187.96,141.067112,29
Dominique Easley,2014,g4,-18.7666966443991,187.96,130.634496,26
Zach Pascal,2017,g6,11.6081515172576,187.96,99.336648,14
Zachary Carter,2022,g5,-17.3500118729152,193.04,127.912944,19
Eddie Freeman,2002,g4,-30.2883404003814,195.58,140.61352,32
Juwan Simpson,2007,g5,8.96686037276571,187.96,102.0582,15
Khiawatha Downey,2004,g4,-39.3607714103476,193.04,150.592544,21
Cameron Thomas,2022,g5,-10.7467840116855,193.04,121.109064,24
Steve Williams,2013,g6,31.3978446982264,175.26,82.100152,12
Wesley Johnson,2014,g4,-24.565542920649,195.58,134.716824,26
Cedric Ogbuehi,2015,g4,-28.5274796373868,195.58,138.799152,23
Derek Landri,2007,g4,-18.7666966443991,187.96,130.634496,24
Ryan Denney,2002,g5,-16.5456302879355,200.66,125.191392,36
Dwayne Allen,2012,g5,-4.85189853619773,190.5,115.66596,27
Corey Moore,2000,g5,11.6842003137751,180.34,101.151016,21
Jalen Hurd,2019,g6,6.68973562250494,195.58,102.511792,23
Thomas Brown,2008,g6,21.8851984975115,172.72,92.532768,25
Jeff Okudah,2020,g6,18.3834673742427,185.42,92.98636,11
Steven Nelson,2015,g6,23.742098459744,177.8,89.357624,19
Da'Quan Bowers,2011,g5,-15.8572783049139,190.5,127.00576,22
D'Qwell Jackson,2006,g5,7.99039079203056,182.88,104.32616,19
Ross Pierschbacher,2019,g4,-28.3553916416314,193.04,139.252744,20
Riley Ridley,2019,g6,21.0247585187346,185.42,90.264808,13
Albert Traylor,2001,g4,-27.7430884551274,190.5,139.252744,20
Tom Zbikowski,2008,g6,16.9667826027589,180.34,95.707912,24
Martez Wilson,2011,g5,-3.26312576895853,193.04,113.398,23
D.J. Johnson,2009,g6,21.9051889002319,185.42,89.357624,7
Tony Ugoh,2007,g4,-26.3264036836436,195.58,136.531192,32
Kenny Phillips,2008,g6,14.6896578524981,187.96,96.161504,19
Lorenzo Doss,2015,g6,30.3453263209737,177.8,82.553744,9
Justin McKinney,2008,g6,28.3163383629858,175.26,85.275296,11
Blair Phillips,2007,g5,1.65529012579411,185.42,110.222856,23
Nick Kasa,2013,g5,-12.8518207661909,198.12,122.016248,22
Robert Johnson,2003,g5,-16.8137574829287,198.12,126.098576,18
Travis Lewis,2012,g5,0.334644553548169,185.42,111.583632,22
Azeez Al-Shaair,2019,g5,5.61722684253192,185.42,106.140528,16
Daniel Bituli,2020,g5,-0.27765863295587,187.96,111.583632,16
T.J. Logan,2017,g6,24.7946168369967,175.26,88.904032,17
Ryan Miller,2012,g4,-36.3553138716246,200.66,145.603032,32
Chris Gocong,2006,g5,-7.76131687568287,187.96,119.294696,28
Mitch Hyatt,2019,g4,-27.2068340651409,195.58,137.438376,28
Kamren Curl,2020,g6,17.943252183494,185.42,93.439952,24
Chris Worley,2018,g5,3.24406289303329,187.96,107.954896,15
Angelo Crowell,2003,g5,5.34909964753867,182.88,107.047712,25
Chris Cook,2010,g6,14.6896578524981,187.96,96.161504,7
Victor DeGrate,2007,g5,-2.21060739170585,190.5,112.944408,19
Peter Sirmon,2000,g5,-0.27765863295587,187.96,111.583632,20
Edwin Baker,2012,g6,21.8851984975115,172.72,92.532768,20
Darrell Shropshire,2005,g4,-24.4894941241315,187.96,136.531192,25
Josh Boyce,2013,g6,19.1678585565021,180.34,93.439952,22
Jack Allen,2016,g4,-20.7956846023869,185.42,133.356048,23
John Kelly,2018,g6,15.3780098355197,177.8,97.975872,15
Andre Carter,2001,g5,-2.82291057820989,193.04,112.944408,20
Ladell Betts,2002,g6,13.6171490725251,177.8,99.79024,23
Jason Pociask,2006,g5,-9.69426563443285,190.5,120.655472,23
Ryan Switzer,2017,g6,32.0101478847304,172.72,82.100152,11
William Sweet,2019,g4,-32.2212891591314,198.12,141.974296,23
Victor Hampton,2014,g6,24.354401646248,175.26,89.357624,20
Colin Cole,2003,g4,-28.0112156501206,187.96,140.159928,29
Myles Gaskin,2019,g6,20.8326801202588,175.26,92.98636,24
Jaye Howard,2012,g4,-25.1017973106355,190.5,136.531192,24
Vadal Alexander,2016,g4,-37.3317834523597,195.58,147.870992,25
Joseph Jefferson,2002,g6,19.6080737472508,180.34,92.98636,8
Quincy Black,2007,g5,2.36363251153601,187.96,108.86208,24
Daeshon Hall,2017,g5,-10.9188720074409,195.58,120.655472,18
Marques Harris,2005,g5,6.93787241477786,185.42,104.779752,22
Jose Valdez,2009,g4,-31.8771131676206,193.04,142.88148,15
Fred Jones,2000,g5,-0.717873823704517,187.96,112.037224,17
Stephon Gilmore,2012,g6,25.5989984219764,182.88,86.18248,15
Tandon Doss,2011,g6,19.5320249507332,187.96,91.171992,14
Kenyon Green,2022,g4,-35.3988346936097,193.04,146.510216,20
LaDainian Tomlinson,2001,g6,13.1769338817765,177.8,100.243832,18
Phillip Merling,2008,g5,-14.7087207284233,193.04,125.191392,17
Terrance West,2014,g6,12.0283763052859,175.26,102.0582,16
Rishaw Johnson,2012,g4,-30.3843795996193,190.5,141.974296,22
Chunky Clements,2017,g4,-24.4894941241315,187.96,136.531192,23
Vince Manuwai,2003,g4,-25.8101396963774,187.96,137.891968,27
Adam Shead,2015,g4,-42.0020625548395,193.04,153.314096,26
John McCargo,2006,g4,-24.317406128376,185.42,136.984784,25
Raphael Kirby,2016,g5,5.34909964753867,182.88,107.047712,27
Andrew Wingard,2019,g6,17.2349097977521,182.88,94.800728,9
Kris Richard,2002,g6,27.9721623714751,180.34,84.368112,10
Matt Anderle,2002,g4,-38.3843018296124,198.12,148.324584,26
Nick Gates,2018,g4,-28.9676948281355,195.58,139.252744,20
Tyvis Powell,2016,g6,14.5175698567427,190.5,95.707912,15
Derrick Knight,2004,g6,19.0718193572643,175.26,94.800728,16
Roylin Bradley,2001,g5,1.65529012579411,185.42,110.222856,19
Casey Crawford,2000,g5,-1.84644099747473,198.12,110.676448,18
Tiquan Underwood,2009,g6,27.6279863799643,185.42,83.460928,7
Titus Adams,2006,g4,-27.3028732643787,190.5,138.799152,15
Lawrence Richardson,2004,g6,25.675047218494,175.26,87.996848,8
James Blair,2008,g4,-34.7865315071057,190.5,146.510216,28
Lamar Jackson,2020,g6,16.4505186154927,187.96,94.347136,10
Andre Branch,2012,g5,-7.22506248569636,193.04,117.480328,19
Tarell Basham,2017,g5,-11.6272143931828,193.04,122.016248,15
Devin Clark,2008,g4,-27.4749612601341,193.04,138.34556,25
E.J. Wilson,2010,g5,-17.8862662629018,187.96,129.727312,23
Chris Smith,2014,g5,-8.46965926142478,185.42,120.655472,28
Clyde Gates,2011,g6,24.7185680404791,182.88,87.089664,16
Jacob Tamme,2008,g5,3.51219008802655,190.5,107.047712,18
Peter Kalambayi,2018,g5,-3.53125296395179,190.5,114.305184,19
Cory Boyd,2008,g6,15.4740490347576,182.88,96.615096,25
Anthony Kimble,2009,g6,14.1534034625116,182.88,97.975872,17
Paul Kruger,2009,g5,-8.98592324869095,193.04,119.294696,24
Avonte Maddox,2018,g6,31.838059888975,175.26,81.64656,13
Kentrell Curry,2004,g6,20.1443281372373,185.42,91.171992,17
Adam Archuleta,2001,g6,16.3544794162549,182.88,95.707912,31
Lawrence Sidbury,2009,g5,-9.08196244792881,187.96,120.655472,28
Ben Grubbs,2007,g4,-29.503949218122,190.5,141.067112,29
Andrew Means,2009,g6,14.4215306575049,185.42,97.068688,12
A.J. Terrell,2020,g6,22.7856192817292,185.42,88.45044,15
Tony Gilbert,2003,g5,-1.25412821369102,182.88,113.851592,19
Ronnie Hillman,2012,g6,23.0337560740021,175.26,90.7184,17
DonTrell Moore,2006,g6,18.0193009800116,177.8,95.25432,18
David Njoku,2017,g5,-1.50226500596395,193.04,111.583632,21
Vinnie Sunseri,2014,g6,17.4069977935075,180.34,95.25432,18
Cody Spencer,2004,g5,1.48320213003872,187.96,109.769264,27
Charlie Peprah,2006,g6,19.1678585565021,180.34,93.439952,15
Gerald Cadogan,2009,g4,-29.8481252096328,195.58,140.159928,26
Jeremy Gallon,2014,g6,30.8615903082399,170.18,83.91452,15
Malcolm Sheppard,2010,g4,-17.4460510721531,187.96,129.27372,19
Mike Onwenu,2020,g4,-44.0310505128273,190.5,156.035648,26
A.J. Davis,2007,g6,25.5029592227386,177.8,87.543256,16
Robert Thomas,2002,g5,8.4306059827792,182.88,103.872568,21
Legedu Naanee,2007,g6,8.96686037276571,187.96,102.0582,19
Justin Blackmon,2012,g6,17.5030369927454,185.42,93.893544,14
Stepfan Taylor,2013,g6,16.870743403521,175.26,97.068688,17
Charles Johnson,2007,g5,-10.8428232109234,187.96,122.46984,33
Tahir Whitehead,2012,g5,6.05744203328057,185.42,105.686936,21
Anthony Barr,2014,g5,-6.07650490920582,195.58,115.66596,15
Dax Swanson,2013,g6,28.5844655579791,177.8,84.368112,15
Melvin Paige,2002,g4,-32.049201163376,195.58,142.427888,30
Jerome Carter,2005,g6,13.0048458860211,180.34,99.79024,21
Dennis Roland,2006,g4,-41.2737297663772,208.28,148.778176,19
Julio Jones,2011,g6,10.5556331400049,190.5,99.79024,17
Josh Robinson,2015,g6,16.1624010177791,172.72,98.429464,21
James Whitley,2001,g6,25.5029592227386,177.8,87.543256,9
Cyrus Jones,2016,g6,23.742098459744,177.8,89.357624,10
Hassan Haskins,2022,g6,7.64621480051977,187.96,103.418976,27
Chase Thomas,2013,g5,-0.00953143796261358,190.5,110.676448,18
Ryan Izzo,2018,g5,-6.51672009995446,195.58,116.119552,18
Clay Johnston,2020,g5,8.69873317777245,185.42,102.965384,18
Michael Huff,2006,g6,19.4359857514954,182.88,92.532768,21
Demetrin Veal,2003,g5,-18.7666966443991,187.96,130.634496,26
Sedrick Ellis,2008,g4,-26.7866092771125,182.88,140.159928,34
De'Veon Smith,2017,g6,11.6842003137751,180.34,101.151016,22
Jeron Johnson,2011,g6,17.1388705985143,177.8,96.161504,23
Travis Swanson,2014,g4,-31.1687707818787,195.58,141.520704,20
Rob Crisp,2015,g4,-27.5510100566517,200.66,136.531192,26
Marcus Forston,2012,g4,-23.8771909376274,185.42,136.531192,35
Taylor Stallworth,2018,g4,-29.3318612223666,187.96,141.520704,18
Joe Giles-Harris,2019,g5,5.00492365602788,187.96,106.140528,17
Jaleel Johnson,2017,g4,-31.7050251718652,190.5,143.335072,19
Jeremy Bridges,2003,g4,-25.7141004971395,193.04,136.531192,25
Pierre Garcon,2008,g6,16.7946946070035,182.88,95.25432,20
Nelson Agholor,2015,g6,22.0772768959873,182.88,89.811216,12
Marcell Harris,2018,g6,17.6751249885008,182.88,94.347136,16
Ricardo Louis,2016,g6,13.3690122802522,187.96,97.52228,18
Jared Perry,2010,g6,30.2692775244562,185.42,80.739376,11
Eddie Vanderdoes,2017,g4,-26.8626580736301,190.5,138.34556,28
Sean Hickey,2015,g4,-29.8481252096328,195.58,140.159928,35
Ben Gedeon,2017,g5,0.602771748541425,187.96,110.676448,27
Lewis Sanders,2000,g6,20.3164161329927,182.88,91.625584,10
Dominick Sanders,2018,g6,24.2783528497305,182.88,87.543256,14
Dante Fowler,2015,g5,-7.49318968068962,190.5,118.387512,19
Robert McCune,2005,g5,1.38716293080086,182.88,111.13004,34
Chinedum Ndukwe,2007,g6,17.33094899699,187.96,93.439952,15
Allen Hurns,2014,g6,21.4649737094832,185.42,89.811216,14
Laquon Treadwell,2016,g6,10.7277211357603,187.96,100.243832,12
Russell Stewart,2001,g5,-3.70334095970718,193.04,113.851592,17
Jermaine Petty,2002,g5,-7.49318968068962,190.5,118.387512,20
Russell Bodine,2014,g4,-29.0637340273733,190.5,140.61352,42
Jared Pinkney,2020,g5,-6.34463210419907,193.04,116.573144,23
Tyler Ervin,2016,g6,25.9431744134872,177.8,87.089664,17
Noah Herron,2005,g6,11.2439851230265,180.34,101.604608,17
C.J. Spiller,2010,g6,23.5700104639886,180.34,88.904032,18
Willie Howard,2001,g4,-22.4605061661436,190.5,133.80964,23
Anthony Johnson,2014,g4,-27.571000459372,187.96,139.706336,20
Tom Santi,2008,g5,-2.6508225824545,190.5,113.398,14
Gerald Everett,2017,g5,2.19154451578061,190.5,108.408488,22
Damian Gregory,2000,g4,-27.1307852686233,187.96,139.252744,27
Vontez Duff,2004,g6,20.4885041287481,180.34,92.079176,13
Karaun White,2018,g6,17.943252183494,185.42,93.439952,24
Fred Weary,2002,g4,-28.79560683238,193.04,139.706336,34
Michael Campanaro,2014,g6,26.5554775999913,175.26,87.089664,20
Tyson Clabo,2004,g4,-33.7140227271327,200.66,142.88148,24
Justin Crawford,2018,g6,22.2493648917426,180.34,90.264808,11
Brandon Green,2003,g5,-9.52217763867746,187.96,121.109064,19
Ronald Bartell,2005,g6,15.7421762297508,185.42,95.707912,21
Travis Bright,2009,g4,-34.5184043121124,193.04,145.603032,34
Ricky Wagner,2013,g4,-30.0202132053881,198.12,139.706336,20
Antoine Bethea,2006,g6,20.4885041287481,180.34,92.079176,19
Anthony Pudewell,2007,g5,-3.26312576895853,193.04,113.398,15
Sean McHugh,2004,g5,-10.0384416259436,195.58,119.748288,18
Duke Riley,2017,g5,7.10996041053326,182.88,105.233344,18
Preston Parker,2010,g6,22.2493648917426,180.34,90.264808,16
Robert Gallery,2004,g4,-37.2357442531219,200.66,146.510216,24
Rock Cartwright,2002,g6,7.35809720280618,172.72,107.501304,30
Brett Keisel,2002,g5,-16.6416694871733,195.58,126.552168,26
Tony Fisher,2002,g6,9.1389483685211,185.42,102.511792,21
Kapri Bibbs,2014,g6,17.7511737850183,175.26,96.161504,24
Tyler Nielsen,2012,g5,2.63175970652926,190.5,107.954896,21
Deandre' Eiland,2004,g6,20.9287193194967,180.34,91.625584,17
Terrance Pennington,2006,g4,-38.1161746346192,200.66,147.4174,28
Will Rackley,2011,g4,-28.6235188366247,190.5,140.159928,29
Brandon Wilds,2016,g6,11.780239513013,185.42,99.79024,21
Tevin McDonald,2015,g6,24.0102256547372,180.34,88.45044,19
Chris Combs,2000,g4,-19.7231758224139,195.58,129.727312,22
Kevin White,2015,g6,12.7567090937481,190.5,97.52228,23
Jonathan Pollard,2005,g5,-0.105570637200479,185.42,112.037224,21
Jamaree Salyer,2022,g4,-33.9061011256084,190.5,145.603032,31
Mike McCray,2018,g5,-0.181619433718005,193.04,110.222856,16
Darreus Rogers,2017,g6,13.5411002760076,185.42,97.975872,8
George Wrighster,2003,g5,-1.59830420520181,187.96,112.944408,16
Marcus Thomas,2007,g4,-30.8245947903679,190.5,142.427888,27
David McMillan,2005,g5,-7.93340487143826,190.5,118.841104,16
Nick Maddox,2003,g6,16.9667826027589,180.34,95.707912,18
Gerod Holliman,2015,g6,13.2729730810143,182.88,98.883056,17
Antonio Hall,2004,g4,-32.1452403626138,190.5,143.788664,27
Quinten Lawrence,2009,g6,28.2402895664683,182.88,83.460928,20
David Veikune,2009,g5,-5.12002573119099,187.96,116.573144,35
David DeCastro,2012,g4,-32.9296315448733,195.58,143.335072,34
Cece Jefferson,2019,g5,-8.46965926142478,185.42,120.655472,17
Evan Moore,2008,g5,2.99592610076037,198.12,105.686936,16
Stephen Weatherly,2016,g5,-10.7467840116855,193.04,121.109064,23
Cornelius Wortham,2005,g5,4.73679646103463,185.42,107.047712,22
Zeke Moreno,2001,g5,-1.15808901445316,187.96,112.490816,24
LeGarrette Blount,2010,g6,3.14802369379545,182.88,109.315672,18
Jaylen Watson,2022,g6,21.2928857137278,187.96,89.357624,18
David Yankey,2014,g4,-33.1017195406287,198.12,142.88148,22
Ko Simpson,2006,g6,16.6226066112481,185.42,94.800728,11
Trey McBride,2022,g5,-1.50226500596395,193.04,111.583632,18
Kevin Reddick,2013,g5,1.65529012579411,185.42,110.222856,23
Lowell Lotulelei,2018,g4,-30.6525067946125,187.96,142.88148,28
T.J. Jackson,2006,g4,-24.5855333233693,182.88,137.891968,26
Cedric Griffin,2006,g6,21.6370617052386,182.88,90.264808,17
Tony Scheffler,2006,g5,-5.63628971845717,195.58,115.212368,17
Lardarius Webb,2009,g6,31.6659718932196,177.8,81.192968,15
Anthony Davis,2005,g6,24.2583624470102,170.18,90.7184,18
Chris Williams,2008,g4,-33.1017195406287,198.12,142.88148,21
Jamie Blatnick,2012,g5,-8.37362006218691,190.5,119.294696,28
Tyler Boyd,2016,g6,21.9051889002319,185.42,89.357624,11
Watts Sanderson,2003,g4,-27.2068340651409,195.58,137.438376,24
Leonard Hankerson,2011,g6,16.6226066112481,185.42,94.800728,14
Jesse James,2015,g5,-9.94240242670577,200.66,118.387512,26
Armon Binns,2011,g6,15.39800023824,190.5,94.800728,13
Cooper Carlisle,2000,g4,-24.565542920649,195.58,134.716824,28
Derreck Robinson,2005,g4,-20.4315182081558,193.04,131.088088,27
Cyrus Gray,2012,g6,19.7801617430062,177.8,93.439952,21
Ron Thompson,2016,g5,-3.97146815470044,190.5,114.758776,18
Sean Porter,2013,g5,7.81830279627516,185.42,103.872568,22
James Daniels,2018,g4,-27.3028732643787,190.5,138.799152,21
Keith Jackson,2007,g4,-25.025748514118,182.88,138.34556,33
Jason Pierre-Paul,2010,g5,-12.6797327704355,195.58,122.46984,19
Willie Beavers,2016,g4,-35.1307074986165,195.58,145.603032,20
Zeke Motta,2013,g6,14.2494426617495,187.96,96.615096,11
Doug Martin,2012,g6,12.9088066867832,175.26,101.151016,28
M.J. Stewart,2018,g6,21.809149700994,180.34,90.7184,18
Antonio Allen,2012,g6,16.1823914204995,185.42,95.25432,17
Louis Williams,2001,g4,-24.8336701156422,193.04,135.624008,25
Jaylen Watkins,2014,g6,24.4504408454859,180.34,87.996848,22
Cody Ford,2019,g4,-38.0401258381016,193.04,149.231768,19
Stafon Johnson,2010,g6,15.6461370305129,180.34,97.068688,13
Brady Poppinga,2005,g5,-6.61275929919232,190.5,117.480328,26
D'Cota Dixon,2019,g6,20.6605921245034,177.8,92.532768,20
Jake Hanson,2020,g4,-26.5945308786368,193.04,137.438376,33
Jason Scukanec,2002,g4,-25.8101396963774,187.96,137.891968,30
Josh Wilson,2007,g6,27.8761231722372,175.26,85.728888,20
Roman Harper,2006,g6,22.0772768959873,182.88,89.811216,19
Earl Thomas,2010,g6,18.8997313615089,177.8,94.347136,21
Dontay Moch,2011,g5,-0.545785827949126,185.42,112.490816,21
Geoff Hangartner,2005,g4,-26.3264036836436,195.58,136.531192,26
Eric Hagg,2011,g6,16.6226066112481,185.42,94.800728,18
Jayron Kearse,2016,g6,11.7041907164955,193.04,97.975872,16
Joe West,2008,g6,14.8617458482535,185.42,96.615096,20
Nate Gerry,2017,g6,12.0483667080062,187.96,98.883056,17
Jordan Elliott,2020,g4,-26.1543156878882,193.04,136.984784,24
Ben Braden,2017,g4,-39.2647322111097,198.12,149.231768,25
Tony Brown,2018,g6,22.0772768959873,182.88,89.811216,14
Matt Elam,2013,g6,18.8997313615089,177.8,94.347136,17
Arian Foster,2009,g6,9.1389483685211,185.42,102.511792,23
Marcus Green,2006,g4,-21.2358997931355,185.42,133.80964,33
Jeff Owens,2010,g4,-25.1978365098733,185.42,137.891968,44
Ryan Davis,2019,g6,27.2638199857332,177.8,85.728888,12
Riley Bullough,2017,g5,8.52664518201706,187.96,102.511792,20
Tyler Polumbus,2008,g4,-32.3933771548868,200.66,141.520704,24
Kyle Murphy,2016,g4,-28.6995676331422,198.12,138.34556,23
Kerry Hyder,2014,g4,-19.6471270258963,187.96,131.54168,20
L'Damian Washington,2014,g6,20.948709722217,193.04,88.45044,8
Danny Shelton,2015,g4,-41.21767137258,187.96,153.767688,34
Eric Weddle,2007,g6,20.4885041287481,180.34,92.079176,11
Derek Watson,2003,g6,11.0718971272711,182.88,101.151016,15
Charles Grant,2002,g5,-16.7377086864112,190.5,127.912944,24
Ezra Cleveland,2020,g4,-31.3408587776341,198.12,141.067112,30
Marcus Davis,2013,g6,4.83283566027249,190.5,105.686936,19
Quentin Jammer,2002,g6,19.4359857514954,182.88,92.532768,18
Rulon Davis,2009,g5,-17.5220998686706,195.58,127.459352,20
Shawn Nelson,2009,g5,0.526722952023892,195.58,108.86208,19
Andre Chachere,2018,g6,21.19684651449,182.88,90.7184,13
Nickell Robey,2013,g6,37.9050333602182,170.18,76.657048,10
Derek Newton,2011,g4,-30.72855559113,195.58,141.067112,24
Rasul Douglas,2017,g6,16.0103034247441,187.96,94.800728,16
Adarius Bowman,2008,g6,9.23498756775896,190.5,101.151016,14
John Boyett,2013,g6,20.6605921245034,177.8,92.532768,27
Dorance Armstrong,2018,g5,-6.34463210419907,193.04,116.573144,20
Maurice Hurt,2011,g4,-32.5854555533625,190.5,144.242256,18
Dan Klecko,2003,g4,-14.7287111311437,180.34,128.366536,26
Stockar McDougle,2000,g4,-52.7393151285624,195.58,163.746712,24
Quentin Griffin,2003,g6,26.4594384007534,170.18,88.45044,21
Lance Briggs,2003,g5,2.09550531654276,185.42,109.769264,25
LeKevin Smith,2006,g4,-31.7050251718652,190.5,143.335072,30
Idrees Bashir,2001,g6,17.33094899699,187.96,93.439952,22
Iosua Opeta,2019,g4,-25.7141004971395,193.04,136.531192,39
Taylor Whitley,2003,g4,-34.5184043121124,193.04,145.603032,28
Josh Kayser,2003,g4,-29.9441644088706,190.5,141.520704,21
Lavert Hill,2020,g6,26.8236047949845,177.8,86.18248,21
Ennis Davis,2001,g4,-26.1543156878882,193.04,136.984784,23
Justin Bates,2003,g4,-25.2738853063909,193.04,136.0776,18
Dean Marlowe,2015,g6,19.26389775574,185.42,92.079176,16
Audie Cole,2012,g5,-1.50226500596395,193.04,111.583632,15
Geremy Davis,2015,g6,12.9287970895035,187.96,97.975872,23
Sean Smith,2009,g6,13.1969242844968,190.5,97.068688,10
Alfred Fincher,2005,g5,3.85636607953733,185.42,107.954896,25
Xavier Fulton,2009,g4,-26.1543156878882,193.04,136.984784,27
Lennon Creer,2012,g6,13.4450610767697,180.34,99.336648,21
Shane Walton,2003,g6,28.8525927529724,180.34,83.460928,11
Chaz Powell,2012,g6,19.876200942244,182.88,92.079176,17
Lonyae Miller,2010,g6,12.5646306952724,180.34,100.243832,26
Matthias Askew,2004,g4,-29.4079100188841,195.58,139.706336,20
Chris Denney,2006,g6,8.79477237701032,190.5,101.604608,13
Todd Gurley,2015,g6,10.8998091315157,185.42,100.697424,17
Nick Coe,2020,g5,-17.081884677922,195.58,127.00576,21
Temarrick Hemingway,2016,g5,-1.2341378109707,195.58,110.676448,18
Chris Borland,2014,g5,0.678820545058957,180.34,112.490816,27
Porter Gustin,2019,g5,-5.46420172270177,193.04,115.66596,31
Trevardo Williams,2013,g5,2.5357205072914,185.42,109.315672,30
Justin Forsett,2008,g6,26.287350404998,172.72,87.996848,26
Brian Robison,2007,g5,-6.61275929919232,190.5,117.480328,27
Eric Decker,2010,g6,11.8762787122508,190.5,98.429464,15
Makoa Freitas,2003,g4,-28.3553916416314,193.04,139.252744,36
Davin Bellamy,2018,g5,-6.07650490920582,195.58,115.66596,15
Ahtyba Rubin,2008,g4,-31.2648099811166,190.5,142.88148,35
Ray Redziniak,2001,g4,-22.9007213568922,190.5,134.263232,32
Kashif Moore,2012,g6,31.838059888975,175.26,81.64656,19
DeCori Birmingham,2005,g6,18.0193009800116,177.8,95.25432,14
Craig Loston,2014,g6,13.1008850852589,185.42,98.429464,12
Ben Burr-Kirven,2019,g5,7.99039079203056,182.88,104.32616,21
Dante Wesley,2002,g6,15.7421762297508,185.42,95.707912,15
Matt Forte,2008,g6,13.1008850852589,185.42,98.429464,23
Daniel Coats,2007,g5,-5.73232891769503,190.5,116.573144,34
Charles Godfrey,2008,g6,18.1153401792494,182.88,93.893544,14
Brycen Hopkins,2020,g5,-1.0620498152153,193.04,111.13004,21
Robbie Rouse,2013,g6,29.2728175410007,167.64,86.18248,15
Josh Norman,2002,g5,4.12449327453059,187.96,107.047712,18
Josh Forrest,2016,g5,-2.21060739170585,190.5,112.944408,11
Robert Davis,2017,g6,10.9958483307536,190.5,99.336648,19
Jalen Mills,2016,g6,25.1587832312278,182.88,86.636072,16
Kyle Wilson,2010,g6,25.0627440319899,177.8,87.996848,25
Darnell Jenkins,2008,g6,28.7565535537345,175.26,84.821704,13
C.J. Mosley,2005,g4,-30.2122916038639,187.96,142.427888,27
Brian Orakpo,2009,g5,-8.37362006218691,190.5,119.294696,31
Tyrone Goard,2013,g6,16.5465578147306,193.04,92.98636,10
Anthony Dixon,2010,g6,6.05744203328057,185.42,105.686936,15
Grady Jarrett,2015,g4,-25.1978365098733,185.42,137.891968,30
Jon Runyan,2020,g4,-27.9151764508828,193.04,138.799152,24
Mike Mohamed,2011,g5,2.19154451578061,190.5,108.408488,21
Jeremiah Johnson,2009,g6,19.0718193572643,175.26,94.800728,20
Victor Leyva,2001,g4,-30.3843795996193,190.5,141.974296,37
Sean Tufts,2004,g5,0.258595757030643,193.04,109.769264,21
Derrick Johnson,2005,g6,23.1297952732399,180.34,89.357624,18
Caleb Brantley,2017,g4,-27.7430884551274,190.5,139.252744,21
Andre Woolfolk,2003,g6,21.9051889002319,185.42,89.357624,10
Brandon Graham,2010,g5,-9.35008964292207,185.42,121.562656,31
Terrance Martin,2003,g4,-24.2213669291382,190.5,135.624008,30
Claude Harriott,2004,g5,-4.14355615045583,193.04,114.305184,25
Nick Brossette,2019,g6,17.8472129842562,180.34,94.800728,15
Thomas Wright,2003,g6,20.1443281372373,185.42,91.171992,13
Alex Carrington,2010,g5,-19.2829606316652,195.58,129.27372,26
Jamie Burrow,2002,g5,-0.986001018697773,185.42,112.944408,18
Ronnie Ghent,2004,g5,-1.15808901445316,187.96,112.490816,11
Cordel Iwuagwu,2020,g4,-28.6235188366247,190.5,140.159928,25
Mark Ingram,2011,g6,16.4305282127724,175.26,97.52228,21
John Miller,2015,g4,-25.3699245056287,187.96,137.438376,29
Matt Reynolds,2012,g4,-26.1543156878882,193.04,136.984784,25
Keenen Brown,2019,g5,-2.03851939595046,187.96,113.398,17
Quandre Diggs,2015,g6,24.7946168369967,175.26,88.904032,17
Rogers Beckett,2000,g6,17.5030369927454,185.42,93.893544,15
Terrell Burgess,2020,g6,20.9287193194967,180.34,91.625584,20
Sergio Kindle,2010,g5,-2.6508225824545,190.5,113.398,25
Corey Hilliard,2007,g4,-29.4079100188841,195.58,139.706336,28
Julian Vandervelde,2011,g4,-24.4894941241315,187.96,136.531192,23
Zach Potter,2009,g5,-17.8662758601814,200.66,126.552168,20
John Franklin-Myers,2018,g5,-17.7902270636639,193.04,128.366536,26
Mike Gibson,2008,g4,-26.8626580736301,190.5,138.34556,31
Justin Anderson,2012,g4,-40.6814169825935,193.04,151.95332,32
Antonio Pittman,2007,g6,18.7276433657535,180.34,93.893544,16
Ben Hartsock,2004,g5,-8.98592324869095,193.04,119.294696,23
Owen Daniels,2006,g5,-3.97146815470044,190.5,114.758776,23
Nate Swift,2009,g6,19.26389775574,185.42,92.079176,12
Jack Sanborn,2022,g5,5.00492365602788,187.96,106.140528,20
Kaleb McGary,2019,g4,-34.59445310863,200.66,143.788664,23
Kevin King,2017,g6,19.3599369549778,190.5,90.7184,11
Ronnie Brown,2005,g6,6.66974521978461,182.88,105.686936,18
Jaylon Johnson,2020,g6,24.2783528497305,182.88,87.543256,15
Nick Watkins,2008,g5,11.0718971272711,182.88,101.151016,17
Bruce Carter,2011,g5,2.5357205072914,185.42,109.315672,25
Mark LeGree,2011,g6,17.4069977935075,180.34,95.25432,21
Marcus Hudson,2006,g6,23.2258344724778,185.42,87.996848,11
Alvin Bowen,2008,g5,10.459593940767,185.42,101.151016,15
Darius Slayton,2019,g6,24.9866952354724,185.42,86.18248,11
Travis Laboy,2004,g5,-8.37362006218691,190.5,119.294696,35
Cobi Hamilton,2013,g6,14.6896578524981,187.96,96.161504,11
Daryl Smith,2004,g5,5.00492365602788,187.96,106.140528,24
Justin Coleman,2015,g6,28.4123775622237,180.34,83.91452,20
Bo Smith,2007,g6,25.5029592227386,177.8,87.543256,14
Justin Tryon,2008,g6,27.4359079814886,175.26,86.18248,21
Chauncey Davis,2005,g5,-12.1634687831693,187.96,123.830616,22
Chris Harrington,2008,g5,-9.4261384394396,193.04,119.748288,21
Greg Reid,2013,g6,28.0482111679926,172.72,86.18248,10
D.J. Parker,2008,g6,25.3308712269832,180.34,87.089664,19
Sean McKeon,2020,g5,-0.353707429473402,195.58,109.769264,18
Chris Cooley,2004,g5,-9.25405044368421,190.5,120.20188,22
Zion Johnson,2022,g4,-29.9441644088706,190.5,141.520704,32
Chris Watt,2014,g4,-29.0637340273733,190.5,140.61352,29
Logan Wilson,2020,g5,1.92341732078737,187.96,109.315672,21
Chidobe Awuzie,2017,g6,20.3164161329927,182.88,91.625584,16
Tyler Larsen,2014,g4,-30.9966827861233,193.04,141.974296,36
Caleb Miller,2004,g5,8.79477237701032,190.5,101.604608,23
Solomon Thomas,2017,g5,-12.7757719696734,190.5,123.830616,30
Javarris Williams,2009,g6,12.9088066867832,175.26,101.151016,25
Keith Willis,2004,g5,-8.88988404945309,198.12,117.93392,21
Eric Downing,2001,g4,-25.5420125013841,190.5,136.984784,27
Mekale McKay,2016,g6,15.6661274332333,193.04,93.893544,12
Damien Williams,2014,g6,12.1244155045238,180.34,100.697424,16
Garrett Wolfe,2007,g6,30.4213751174912,170.18,84.368112,22
Jonathan Brown,2014,g5,4.46866926604138,182.88,107.954896,16
Richard Newsome,2001,g6,20.4885041287481,180.34,92.079176,14
Glen Coffee,2009,g6,17.2349097977521,182.88,94.800728,24
Markus Bailey,2020,g5,5.78931483828732,182.88,106.59412,15
Tony Scott,2000,g6,25.5029592227386,177.8,87.543256,11
Bernard Robertson,2001,g4,-28.183303645876,190.5,139.706336,19
Kerby Joseph,2022,g6,19.26389775574,185.42,92.079176,18
Jeff Shoate,2004,g6,27.2638199857332,177.8,85.728888,12
Cordrea Tankersley,2017,g6,21.0247585187346,185.42,90.264808,13
Nick Polk,2010,g6,16.9667826027589,180.34,95.707912,14
Nat Dorsey,2004,g4,-36.7955290623732,200.66,146.056624,26
Steve Edwards,2002,g4,-50.0980239840705,195.58,161.02516,20
Roc Carmichael,2011,g6,25.9431744134872,177.8,87.089664,13
George Winn,2013,g6,14.4975794540224,177.8,98.883056,22
Giorgio Newberry,2016,g5,-19.2829606316652,195.58,129.27372,20
Jamey Richard,2008,g4,-23.6851125391517,195.58,133.80964,22
Colin McCarthy,2011,g5,3.85636607953733,185.42,107.954896,23
Cordell Volson,2022,g4,-33.1017195406287,198.12,142.88148,25
Von Miller,2011,g5,-0.889961819459908,190.5,111.583632,21
D.J. Chark,2018,g6,19.8001521457265,190.5,90.264808,16
Richie Incognito,2005,g4,-26.8626580736301,190.5,138.34556,29
Josh Thomas,2011,g6,26.3833896042359,177.8,86.636072,13
Donte Nicholson,2005,g6,15.3019610390022,185.42,96.161504,18
Tommy Sweeney,2019,g5,-3.70334095970718,193.04,113.851592,17
Wyatt Ray,2019,g5,-5.73232891769503,190.5,116.573144,25
Jordan White,2012,g6,17.6751249885008,182.88,94.347136,14
Johnny Dingle,2008,g5,-8.02944407067613,185.42,120.20188,23
Jeremy Clark,2007,g4,-28.0112156501206,187.96,140.159928,29
William Joseph,2003,g4,-29.4079100188841,195.58,139.706336,29
Chris Jones,2018,g6,23.3979224682332,182.88,88.45044,14
J.K. Dobbins,2020,g6,19.0718193572643,175.26,94.800728,23
Garth Gerhart,2012,g4,-25.638051700622,185.42,138.34556,25
Jake Brendel,2016,g4,-25.9822276921328,190.5,137.438376,25
Lenny Walls,2002,g6,22.269355294463,193.04,87.089664,7
Kentavius Street,2018,g5,-15.2449751184099,187.96,127.00576,28
Kasim Edebali,2014,g5,-3.3591649681964,187.96,114.758776,19
Zach Cunningham,2017,g5,4.39262046952384,190.5,106.140528,15
Joe Mathis,2017,g5,-9.08196244792881,187.96,120.655472,24
Mike Williams,2017,g6,10.8237603349982,193.04,98.883056,15
Austin Collie,2009,g6,20.5845433279859,185.42,90.7184,17
Jordan Jones,2019,g5,5.00492365602788,187.96,106.140528,23
Chris Carter,2010,g6,25.7710864177318,180.34,86.636072,12
Charlie Taumoepeau,2020,g5,2.36363251153601,187.96,108.86208,18
Taveze Calhoun,2016,g6,24.7185680404791,182.88,87.089664,14
Jon McGraw,2002,g6,15.8382154289887,190.5,94.347136,13
Kyzir White,2018,g6,12.9287970895035,187.96,97.975872,21
Keith Miller,2000,g5,0.334644553548169,185.42,111.583632,24
Danny Pinter,2020,g4,-27.9151764508828,193.04,138.799152,24
Jaquan Johnson,2019,g6,26.3833896042359,177.8,86.636072,18
Johnathan Franklin,2013,g6,20.2203769337548,177.8,92.98636,18
Will Fuller,2016,g6,27.359859184971,182.88,84.368112,10
C.J. Ah You,2007,g5,-13.8282903469261,193.04,124.284208,26
Kris Wilson,2004,g5,-1.15808901445316,187.96,112.490816,24
Raheem Brock,2002,g5,-6.34463210419907,193.04,116.573144,25
Andy Kemp,2009,g4,-31.6089859726273,195.58,141.974296,23
Dawan Landry,2006,g6,11.780239513013,185.42,99.79024,18
Cadillac Williams,2005,g6,14.325491458267,180.34,98.429464,19
Markelle Martin,2012,g6,17.5030369927454,185.42,93.893544,19
DeWayne White,2003,g5,-12.1634687831693,187.96,123.830616,22
Pierre Desir,2014,g6,21.4649737094832,185.42,89.811216,11
Cedric Hilliard,2004,g4,-26.5184820821193,185.42,139.252744,26
Kevin Ware,2003,g5,-5.29211372694638,190.5,116.119552,22
Jabari Greer,2004,g6,32.1061870839683,177.8,80.739376,7
Marvin Jones,2012,g6,20.4124553322305,187.96,90.264808,22
Tony Okanlawon,2002,g6,29.0246807487277,177.8,83.91452,16
Amani Oruwariye,2019,g6,17.7711641877386,187.96,92.98636,17
Joe Thomas,2007,g4,-31.9531619641381,200.66,141.067112,28
Isaac Asiata,2017,g4,-34.7865315071057,190.5,146.510216,35
Gabe Marks,2017,g6,26.6515167992291,180.34,85.728888,11
Sherrod Martin,2009,g6,21.4649737094832,185.42,89.811216,12
Joe Jon Finley,2008,g5,-6.24859290496121,198.12,115.212368,22
Colt Lyerla,2014,g5,0.258595757030643,193.04,109.769264,15
Buster Davis,2007,g5,5.86536363480485,175.26,108.408488,24
Dre Moore,2008,g4,-27.4749612601341,193.04,138.34556,31
Ricky Henry,2011,g4,-28.183303645876,190.5,139.706336,20
Nick Vannett,2016,g5,-7.56923847720715,198.12,116.573144,17
Anthony Floyd,2003,g6,22.1533256925048,175.26,91.625584,19
Anthony McCoy,2010,g5,-7.22506248569636,193.04,117.480328,19
T.J. Green,2016,g6,16.0103034247441,187.96,94.800728,13
Carroll Phillips,2017,g5,0.870898943534681,190.5,109.769264,23
Shaud Williams,2004,g6,27.3398687822507,170.18,87.543256,15
Pearce Slater,2016,g4,-39.8770353976137,200.66,149.231768,17
Jarron Gilbert,2009,g5,-20.6036062039112,195.58,130.634496,28
Duane Brown,2008,g4,-31.8771131676206,193.04,142.88148,24
Grant Haley,2018,g6,27.4359079814886,175.26,86.18248,15
Chris Slayton,2019,g4,-28.3553916416314,193.04,139.252744,28
Chris Bell,2010,g6,15.1298730432468,187.96,95.707912,15
Chad Ward,2001,g4,-34.5184043121124,193.04,145.603032,26
Justin Simmons,2016,g6,19.0918097599846,187.96,91.625584,16
Eugene Wilson,2003,g6,25.9431744134872,177.8,87.089664,15
Marcus Howard,2008,g5,4.90888445679002,182.88,107.501304,27
Eric King,2005,g6,28.4884263587412,172.72,85.728888,12
Dave Minnich,2002,g6,13.8852762675184,180.34,98.883056,12
Taylor Hart,2014,g5,-18.1344030551747,198.12,127.459352,21
Parris Campbell,2019,g6,18.9957705607467,182.88,92.98636,11
Hunter Renfrow,2019,g6,29.4648959394764,177.8,83.460928,7
Greg Lloyd,2011,g5,0.334644553548169,185.42,111.583632,22
Anthony Walker Jr.,2017,g5,3.85636607953733,185.42,107.954896,23
Kevin Peterson,2016,g6,30.7855415117223,177.8,82.100152,14
Sammy Davis,2003,g6,27.359859184971,182.88,84.368112,19
Marcel Jones,2012,g4,-35.3027954943719,198.12,145.14944,13
Patrick Peterson,2011,g6,12.8327578902657,182.88,99.336648,15
Joey Chustz,2000,g4,-28.8716556288976,200.66,137.891968,28
Jason Hatcher,2006,g5,-19.4550486274206,198.12,128.820128,28
Vladimir Ducasse,2010,g4,-39.3607714103476,193.04,150.592544,29
Brandon Burton,2011,g6,25.5989984219764,182.88,86.18248,18
Yetur Gross-Matos,2020,g4,-10.9188720074409,195.58,120.655472,20
Matt Shaughnessy,2009,g5,-10.9188720074409,195.58,120.655472,24
Parry Nickerson,2018,g6,30.0011503294629,182.88,81.64656,15
Roy Miller,2009,g4,-27.8391276543652,185.42,140.61352,36
Jarius Wright,2012,g6,30.3453263209737,177.8,82.553744,11
Carl Johnson,2011,g4,-52.7393151285624,195.58,163.746712,25
Cols Colas,2004,g5,6.66974521978461,182.88,105.686936,22
Travis Beckum,2009,g5,0.430683752786034,190.5,110.222856,28
Christian McCaffrey,2017,g6,20.9287193194967,180.34,91.625584,10
Rahim Moore,2011,g6,20.3164161329927,182.88,91.625584,11
Bishop Sankey,2014,g6,19.0718193572643,175.26,94.800728,26
Andrew Tiller,2012,g4,-35.8390498843584,193.04,146.963808,16
D.J. Williams,2011,g5,0.162556557792777,187.96,111.13004,20
Jackson Barton,2019,g4,-31.5129467733895,200.66,140.61352,25
Jeremiah Ledbetter,2017,g4,-15.8572783049139,190.5,127.00576,29
Brian Rolle,2011,g5,9.65521235578728,177.8,103.872568,28
Ejuan Price,2017,g5,3.76032688029949,180.34,109.315672,20
Tim Brown,2005,g4,-33.1977587398665,193.04,144.242256,23
Kendrick Bourne,2017,g6,19.26389775574,185.42,92.079176,9
David Sharpe,2017,g4,-45.4277448815908,198.12,155.582056,19
Khalid Abdullah,2003,g5,8.08642999126841,187.96,102.965384,26
Joe Williams,2017,g6,17.4069977935075,180.34,95.25432,14
Fred Russell,2004,g6,26.4594384007534,170.18,88.45044,21
Roberto Garza,2001,g4,-25.3699245056287,187.96,137.438376,37
Devante Davis,2015,g6,10.5556331400049,190.5,99.79024,16
Davis Tull,2015,g5,-0.27765863295587,187.96,111.583632,26
Rashean Mathis,2003,g6,19.7041129464886,185.42,91.625584,22
Brett Roy,2012,g4,-13.6562023511707,190.5,124.7378,32
Darrick Vaughn,2000,g6,23.5700104639886,180.34,88.904032,14
Tony Pape,2004,g4,-36.6234410666178,198.12,146.510216,26
Zach Ertz,2013,g5,-3.43521376471393,195.58,112.944408,24
Quintin Echols,2007,g4,-35.7630010878409,185.42,148.778176,25
Fozzy Whittaker,2012,g6,26.1152624092426,175.26,87.543256,20
Tyler Brayton,2003,g5,-16.3735422921801,198.12,125.644984,25
Chad Muma,2022,g5,2.19154451578061,190.5,108.408488,27
Jack Mewhort,2014,g4,-30.4604283961368,198.12,140.159928,28
Derrick Burgess,2001,g5,-8.20153206643152,187.96,119.748288,24
Quinton Reese,2000,g5,-17.7902270636639,193.04,128.366536,18
Solomon Bates,2003,g5,1.65529012579411,185.42,110.222856,19
Asante Samuel,2003,g6,28.4123775622237,180.34,83.91452,9
Brad McDougald,2013,g6,14.5936186532603,182.88,97.52228,19
Miles Austin,2006,g6,13.3690122802522,187.96,97.52228,21
Jake Scott,2004,g4,-17.5220998686706,195.58,127.459352,24
Yusuf Corker,2022,g6,19.876200942244,182.88,92.079176,23
Beau Sandland,2016,g5,-4.58377134120448,193.04,114.758776,23
Tank Carder,2012,g5,4.12449327453059,187.96,107.047712,19
Kendell Beckwith,2017,g5,1.04298693929007,187.96,110.222856,20
Stanley Williams,2017,g6,28.6605143544966,170.18,86.18248,18
Terry McLaurin,2019,g6,17.6751249885008,182.88,94.347136,18
Jabari Holloway,2001,g5,-3.3591649681964,187.96,114.758776,20
Sean Harlow,2017,g4,-26.5945308786368,193.04,137.438376,26
Chris Neild,2011,g4,-32.4133675576071,187.96,144.695848,30
Jerald Hawkins,2016,g4,-28.6995676331422,198.12,138.34556,23
Anthony Weaver,2002,g4,-22.9007213568922,190.5,134.263232,24
Kevin Hughes,2011,g4,-26.1543156878882,193.04,136.984784,22
Ronnie McGill,2007,g6,16.0863522212616,180.34,96.615096,22
Demetress Bell,2008,g4,-27.2068340651409,195.58,137.438376,9
Jacoby Shepherd,2000,g6,22.7856192817292,185.42,88.45044,5
Jonathan Williams,2016,g6,13.0048458860211,180.34,99.79024,16
Brian Price,2010,g4,-24.7576213191247,185.42,137.438376,34
Azeem Victor,2018,g5,2.97593569804005,185.42,108.86208,19
Daniel Te'o-Nesheim,2010,g5,-8.37362006218691,190.5,119.294696,29
Sony Michel,2018,g6,15.6461370305129,180.34,97.068688,22
Blace Brown,2019,g6,23.8381376589818,182.88,87.996848,14
Deandre Houston-Carson,2016,g6,20.1443281372373,185.42,91.171992,13
Robert Ayers,2009,g5,-12.3355567789247,190.5,123.377024,18
Adrian Tracy,2010,g5,-1.7703922009572,190.5,112.490816,20
Randy Starks,2004,g4,-30.8245947903679,190.5,142.427888,27
Cheta Ozougwu,2011,g5,-0.717873823704517,187.96,112.037224,26
Marlin Jackson,2005,g6,21.4649737094832,185.42,89.811216,23
Sean Richardson,2012,g6,12.9287970895035,187.96,97.975872,22
Steve Hutchinson,2001,g4,-32.4894163541246,195.58,142.88148,31
Anthony Schlegel,2006,g5,-0.813913022942375,182.88,113.398,21
Josh Norman,2012,g6,22.5174920867359,182.88,89.357624,14
Barry Richardson,2008,g4,-35.9150986808759,200.66,145.14944,24
Toby Weathersby,2018,g4,-32.7575435491179,193.04,143.788664,28
Tyler Johnstone,2016,g4,-26.3264036836436,195.58,136.531192,24
Eric Ghiaciuc,2005,g4,-26.1543156878882,193.04,136.984784,30
Trent Murphy,2014,g5,-3.87542895546258,195.58,113.398,19
Rocky Bernard,2002,g4,-22.0202909753949,190.5,133.356048,30
Kevin Burnett,2005,g5,2.19154451578061,190.5,108.408488,20
Jordan Matthews,2014,g6,14.0773546659941,190.5,96.161504,21
Gerris Wilkinson,2006,g5,4.83283566027249,190.5,105.686936,19
Snoop Conner,2022,g6,12.7367186910278,177.8,100.697424,25
Nate Theaker,2017,g4,-32.4894163541246,195.58,142.88148,23
Michael Joseph,2018,g6,28.9486319522102,185.42,82.100152,17
Kelvin Benjamin,2014,g6,0.526722952023892,195.58,108.86208,13
Cliff Avril,2008,g5,-3.97146815470044,190.5,114.758776,27
Sylvester Williams,2013,g4,-30.3843795996193,190.5,141.974296,27
Courtney Anderson,2004,g5,-12.8518207661909,198.12,122.016248,17
Deon Grant,2000,g6,16.0103034247441,187.96,94.800728,15
Brian Allen,2017,g6,12.7567090937481,190.5,97.52228,15
Chad Pugh,2004,g4,-33.9061011256084,190.5,145.603032,19
L.J. Collier,2019,g4,-16.5656206906558,187.96,128.366536,25
Joey Haynos,2008,g5,-9.67427523171252,203.2,117.480328,17
Donte Whitner,2006,g6,20.6605921245034,177.8,92.532768,18
Dan Connolly,2005,g4,-30.116252404626,193.04,141.067112,22
Sam Young,2010,g4,-34.7665411043854,203.2,143.335072,29
Kyle Fuller,2014,g6,25.5989984219764,182.88,86.18248,12
Travis Rudolph,2017,g6,26.0392136127251,182.88,85.728888,12
Justin King,2008,g6,25.3308712269832,180.34,87.089664,14
Atcheson Conway,2005,g6,14.0573642632737,177.8,99.336648,14
Brett Pierce,2004,g5,-3.87542895546258,195.58,113.398,19
Devonte Peterson,2001,g5,-13.6562023511707,190.5,124.7378,31
Michael Toudouze,2006,g4,-27.8191372516449,198.12,137.438376,23
Earnest Graham,2003,g6,12.0283763052859,175.26,102.0582,22
Darrell Strong,2008,g5,-11.1869992024342,193.04,121.562656,17
Ken Webster,2019,g6,20.4885041287481,180.34,92.079176,18
Scott Starks,2005,g6,35.9720846014682,172.72,78.017824,13
A.J. Hawk,2006,g5,-0.545785827949126,185.42,112.490816,24
Ryon Bingham,2004,g4,-25.9822276921328,190.5,137.438376,33
Max Tuerk,2016,g4,-25.0057581113976,195.58,135.170416,22
Tony Moeaki,2010,g5,-0.449746628711261,190.5,111.13004,18
Keith Toston,2010,g6,15.4740490347576,182.88,96.615096,22
Xavier Woods,2017,g6,23.1297952732399,180.34,89.357624,19
Chastin West,2010,g6,15.9142642255062,182.88,96.161504,15
Mike Jackson,2019,g6,16.1823914204995,185.42,95.25432,13
Shawn Crable,2008,g5,-1.67435300171934,195.58,111.13004,29
Tavares Gooden,2008,g5,5.61722684253192,185.42,106.140528,22
Dietrich Canterberry,2004,g4,-28.183303645876,190.5,139.706336,26
Za'Darius Smith,2015,g5,-13.8282903469261,193.04,124.284208,23
Tedric Thompson,2017,g6,19.4359857514954,182.88,92.532768,17
Gerald McRath,2009,g5,6.32556922827382,187.96,104.779752,19
Quan Sturdivant,2011,g5,2.5357205072914,185.42,109.315672,21
Kavell Conner,2010,g5,2.7078085030468,182.88,109.769264,24
Derrick Nnadi,2018,g4,-30.9206339896058,185.42,143.788664,25
James Washington,2018,g6,16.0863522212616,180.34,96.615096,14
Tyler Orlosky,2017,g4,-23.7811517383895,190.5,135.170416,24
Keith Lewis,2004,g6,19.4359857514954,182.88,92.532768,11
Will Ofenheusle,2003,g4,-30.0202132053881,198.12,139.706336,23
Alex Linnenkohl,2011,g4,-25.8101396963774,187.96,137.891968,24
Clint Boling,2011,g4,-29.4079100188841,195.58,139.706336,28
Marc Colombo,2002,g4,-33.4458955321395,203.2,141.974296,30
Lavelle Westbrooks,2014,g6,27.9721623714751,180.34,84.368112,15
Quinton Coples,2012,g5,-19.4550486274206,198.12,128.820128,25
Tim Euhus,2004,g5,-8.27758086294905,195.58,117.93392,25
Keenan Burton,2008,g6,20.7566313237413,182.88,91.171992,10
Jason Peters,2004,g5,-41.1216321733422,193.04,152.406912,21
Andre Roberts,2010,g6,24.0102256547372,180.34,88.45044,15
Lavon Coleman,2018,g6,15.2059218397643,180.34,97.52228,23
Jahvid Best,2010,g6,22.8616680782467,177.8,90.264808,18
Roy Schuening,2008,g4,-27.9151764508828,193.04,138.799152,26
Chad Upshaw,2007,g5,-4.14355615045583,193.04,114.305184,16
Ryan Hannam,2002,g5,-2.47873458669911,187.96,113.851592,18
Ramon Foster,2009,g4,-38.212213833857,195.58,148.778176,20
Jordan Morgan,2017,g4,-28.6235188366247,190.5,140.159928,21
Ras-I Dowling,2011,g6,21.4649737094832,185.42,89.811216,19
Jon Stinchcomb,2003,g4,-26.7666188743922,195.58,136.984784,32
Deatrich Wise Jr.,2017,g5,-14.4405935334301,195.58,124.284208,22
Paul Perkins,2016,g6,18.8997313615089,177.8,94.347136,19
Corvey Irvin,2009,g4,-25.1017973106355,190.5,136.531192,24
John Stamper,2002,g5,-9.86635363018824,193.04,120.20188,24
Nila Kasitati,2016,g4,-32.1452403626138,190.5,143.788664,12
Josh Metellus,2020,g6,17.8472129842562,180.34,94.800728,20
Doug Zeigler,2003,g5,-6.34463210419907,193.04,116.573144,20
Shaquem Griffin,2018,g5,8.69873317777245,185.42,102.965384,20
Danny Trevathan,2012,g5,4.90888445679002,182.88,107.501304,18
Zac Stacy,2013,g6,16.6026162085278,172.72,97.975872,27
Stacy Coley,2017,g6,22.7856192817292,185.42,88.45044,10
Micah McFadden,2022,g5,2.97593569804005,185.42,108.86208,21
Donnie Nickey,2003,g6,11.1679363265089,187.96,99.79024,17
Malik McDowell,2017,g4,-24.2974157256557,198.12,133.80964,23
Elijah Shumate,2016,g6,14.1534034625116,182.88,97.975872,18
Darnell Dockett,2004,g4,-23.3409365476409,190.5,134.716824,26
Nelson Spruce,2016,g6,17.943252183494,185.42,93.439952,12
Al-Quadin Muhammad,2017,g5,-3.97146815470044,190.5,114.758776,22
Alohi Gilman,2020,g6,21.9812376967494,177.8,91.171992,17
Vinston Painter,2013,g4,-27.9151764508828,193.04,138.799152,32
LaVon Brazill,2012,g6,25.3308712269832,180.34,87.089664,11
Chuck Clark,2017,g6,17.6751249885008,182.88,94.347136,16
BenJarvus Green-Ellis,2008,g6,13.4450610767697,180.34,99.336648,24
Elliot Silvers,2001,g4,-48.2411240218381,200.66,157.850016,19
Jeremy Leman,2008,g5,0.162556557792777,187.96,111.13004,26
Jeb Terry,2004,g4,-31.6089859726273,195.58,141.974296,27
Zach Kerr,2014,g4,-34.8825707063436,185.42,147.870992,28
McKinley Boykin,2006,g4,-18.5946086486436,185.42,131.088088,30
Ken Shackleford,2007,g4,-35.5709226893652,195.58,146.056624,28
Elijah Holyfield,2019,g6,14.937794644771,177.8,98.429464,26
Boomer Grigsby,2005,g5,-0.373697832193728,182.88,112.944408,32
Terrence Magee,2015,g6,17.9232617807737,172.72,96.615096,22
Vaughn Meatoga,2012,g4,-20.7956846023869,185.42,133.356048,27
Elijah Hood,2017,g6,7.10996041053326,182.88,105.233344,18
Marcell Dareus,2011,g4,-33.0256707441111,190.5,144.695848,24
Isaiah Weston,2022,g6,12.5846210979928,193.04,97.068688,20
Jake Murphy,2014,g5,-2.82291057820989,193.04,112.944408,24
Matt Feiler,2014,g4,-39.7049474018584,198.12,149.68536,36
Dezmon Patmon,2020,g6,7.74225399975763,193.04,102.0582,15
Alex Magee,2009,g4,-23.7811517383895,190.5,135.170416,30
Dion Lewis,2011,g6,27.3398687822507,170.18,87.543256,17
Tyrell Crosby,2018,g4,-29.8481252096328,195.58,140.159928,17
Terreal Bierria,2002,g6,12.3164939029995,190.5,97.975872,18
Beau Benzschawel,2019,g4,-30.4604283961368,198.12,140.159928,20
Martellus Bennett,2008,g5,-8.44966885870444,198.12,117.480328,18
Quenton Nelson,2018,g4,-36.8915682616111,195.58,147.4174,35
Mike Pollak,2008,g4,-25.1017973106355,190.5,136.531192,29
Chilo Rachal,2008,g4,-32.4894163541246,195.58,142.88148,28
Charles Sims,2014,g6,15.0338338440089,182.88,97.068688,17
Blessuan Austin,2019,g6,21.4649737094832,185.42,89.811216,15
Beau Bell,2008,g5,1.21507493504546,185.42,110.676448,25
Tarik Cohen,2017,g6,34.1151846392358,167.64,81.192968,11
Everette Brown,2009,g5,-4.0675073539383,185.42,116.119552,26
Nate Triplett,2010,g5,-2.6508225824545,190.5,113.398,20
Marlon Humphrey,2017,g6,22.5174920867359,182.88,89.357624,10
Maurice Clarett,2005,g6,6.22953002903597,182.88,106.140528,22
Sean Ryan,2004,g5,-11.1869992024342,193.04,121.562656,22
Isaac Yiadom,2018,g6,24.9866952354724,185.42,86.18248,8
Stephen Tulloch,2006,g5,3.76032688029949,180.34,109.315672,27
Damien Harris,2019,g6,15.3780098355197,177.8,97.975872,16
Michael Bennett,2001,g6,19.9522497387616,175.26,93.893544,13
Tim Crowder,2007,g5,-12.9478599654288,193.04,123.377024,32
Charles Gordon,2006,g6,29.905111130225,177.8,83.007336,12
Josh Sewell,2004,g4,-24.4894941241315,187.96,136.531192,30
Ed Oliver,2019,g4,-18.3264814536504,187.96,130.180904,32
Matt Ioannidis,2016,g4,-24.2213669291382,190.5,135.624008,32
Alex Okafor,2013,g5,-9.4261384394396,193.04,119.748288,21
Edmond Robinson,2015,g5,-0.449746628711261,190.5,111.13004,20
Cedric Reed,2015,g5,-12.2395175796869,195.58,122.016248,22
Jordan Thomas,2018,g6,27.359859184971,182.88,84.368112,4
Blidi Wreh-Wilson,2013,g6,22.7856192817292,185.42,88.45044,14
Sheldon Rankins,2016,g4,-22.9967605561301,185.42,135.624008,28
Kroy Biermann,2008,g5,-0.889961819459908,190.5,111.583632,29
Garrett Reynolds,2009,g4,-31.6850347691449,203.2,140.159928,19
Byron Cowart,2019,g4,-23.7811517383895,190.5,135.170416,26
Casey Hampton,2001,g4,-29.5999884173598,185.42,142.427888,34
Jerome Harrison,2006,g6,22.5935408832534,175.26,91.171992,19
Taven Bryan,2018,g4,-21.3119485896531,193.04,131.995272,30
Marcus Allen,2018,g6,19.0918097599846,187.96,91.625584,15
Jason Beauchamp,2010,g5,-0.00953143796261358,190.5,110.676448,21
Orlando Brown,2018,g4,-47.5327816360961,203.2,156.48924,14
Josh Robinson,2012,g6,22.8616680782467,177.8,90.264808,17
Eric Henderson,2006,g5,-10.8428232109234,187.96,122.46984,30
Raekwon Davis,2020,g4,-31.3408587776341,198.12,141.067112,24
Nick Hayden,2008,g4,-21.3119485896531,193.04,131.995272,34
Stephone Anthony,2015,g5,0.430683752786034,190.5,110.222856,23
Cyrus Kouandjio,2014,g4,-36.7955290623732,200.66,146.056624,21
Javon Hargrave,2016,g4,-27.3989124636166,185.42,140.159928,29
Eben Britton,2009,g4,-30.4604283961368,198.12,140.159928,24
Larry Burt,2005,g4,-25.8101396963774,187.96,137.891968,22
Jonathon Amaya,2010,g6,19.26389775574,185.42,92.079176,8
