Player,ano,GPosBJ,cp1,altura,peso,Broad Jump
Ladi Ajiboye,2011,g9,-22.1163301746328,185.42,134.716824,231.14
Darrell Hunter,2006,g7,18.5555553699981,182.88,93.439952,312.42
Terrell Thomas,2008,g7,20.3164161329927,182.88,91.625584,312.42
David Fluellen,2014,g8,11.2439851230265,180.34,101.604608,304.8
Jamaal Brimmer,2005,g7,13.5411002760076,185.42,97.975872,287.02
Kurtis Gregory,2010,g9,-27.4749612601341,193.04,138.34556,231.14
John Atkins,2018,g9,-34.5184043121124,193.04,145.603032,226.06
Chris Clemons,2009,g7,17.6751249885008,182.88,94.347136,322.58
Matt Henshaw,2006,g8,-2.38269538746124,193.04,112.490816,281.94
Kevin Ogletree,2009,g7,22.9577072774845,182.88,88.904032,309.88
Josh Redding,2001,g9,-32.7575435491179,193.04,143.788664,246.38
Andre Roberts,2010,g7,24.0102256547372,180.34,88.45044,304.8
Darrian Beavers,2022,g7,2.45967171077387,193.04,107.501304,317.5
Jehu Chesson,2017,g7,17.5990761919832,190.5,92.532768,335.28
Jerome Murphy,2010,g7,22.9577072774845,182.88,88.904032,322.58
Michael Pittman,2020,g7,8.62268438125492,193.04,101.151016,307.34
Mario Fannin,2011,g8,8.77478197428998,177.8,104.779752,292.1
Preston Smith,2015,g8,-13.1199479611842,195.58,122.923432,307.34
Dwayne Allen,2012,g8,-4.85189853619773,190.5,115.66596,279.4
Frank Omiyale,2005,g9,-29.6760372138773,193.04,140.61352,256.54
Keishawn Bierria,2018,g8,6.76578441902247,187.96,104.32616,297.18
Jeremy Hill,2014,g8,6.05744203328057,185.42,105.686936,287.02
Tristan Wirfs,2020,g9,-34.6904923078679,195.58,145.14944,307.34
Pita Taumoepenu,2017,g8,1.65529012579411,185.42,110.222856,284.48
Carl Bradford,2014,g8,-1.42621620944642,185.42,113.398,309.88
Calvin Lowry,2006,g7,21.809149700994,180.34,90.7184,304.8
Alonzo Cunningham,2002,g9,-32.3173283583692,193.04,143.335072,248.92
Taylor Moton,2017,g9,-34.2502771171192,195.58,144.695848,276.86
Malik Jackson,2012,g8,-18.8427454409166,195.58,128.820128,266.7
Copeland Bryan,2006,g8,-4.58377134120448,193.04,114.758776,297.18
Darrell Henderson,2019,g8,20.1243377345169,172.72,94.347136,307.34
Jamaar Jarrett,2012,g8,-10.4786568166923,195.58,120.20188,289.56
Donald Washington,2009,g7,22.5174920867359,182.88,89.357624,342.9
Anthony Felder,2009,g8,5.44513884677653,187.96,105.686936,294.64
Martez Wilson,2011,g8,-3.26312576895853,193.04,113.398,314.96
Austin Wheatley,2000,g8,-5.02398653195312,193.04,115.212368,307.34
Matt Hazel,2014,g7,21.4649737094832,185.42,89.811216,299.72
Brad Smith,2006,g7,14.2494426617495,187.96,96.615096,325.12
Mike Jones,2007,g9,-29.8481252096328,195.58,140.159928,248.92
Scott Solomon,2012,g8,-7.93340487143826,190.5,118.841104,314.96
Mike Hart,2008,g8,20.3924649295102,175.26,93.439952,279.4
Jason Ball,2002,g9,-24.4894941241315,187.96,136.531192,238.76
Mason Foster,2011,g8,0.774859744296816,185.42,111.13004,279.4
Earl Wolff,2013,g7,17.8472129842562,180.34,94.800728,340.36
Mark Ingram,2011,g8,16.4305282127724,175.26,97.52228,299.72
Ade Aruna,2018,g8,-9.77031443095038,198.12,118.841104,325.12
Josh Scobey,2002,g8,13.8852762675184,180.34,98.883056,314.96
Turk McBride,2007,g9,-13.9243295461639,187.96,125.644984,274.32
Duke Ihenacho,2012,g7,15.4740490347576,182.88,96.615096,309.88
Michael Boley,2005,g8,3.51219008802655,190.5,107.047712,287.02
Ronald Fields,2005,g9,-29.7720764131152,187.96,141.974296,259.08
Tanner Muse,2020,g7,8.08642999126841,187.96,102.965384,314.96
Reggie Austin,2000,g7,34.0391358427183,175.26,79.3786,302.26
Sam Williams,2022,g8,-8.10549286719365,193.04,118.387512,312.42
Steve Justice,2008,g9,-21.5800757846463,190.5,132.902456,248.92
Trey Pipkins,2019,g9,-30.4604283961368,198.12,140.159928,289.56
Bobby Wade,2003,g7,25.5029592227386,177.8,87.543256,292.1
Thomas Welch,2010,g9,-29.5799980146395,198.12,139.252744,266.7
Jeremy Jones,2012,g7,24.354401646248,175.26,89.357624,294.64
Wendell Smallwood,2016,g8,18.8997313615089,177.8,94.347136,304.8
Alvin McKinley,2000,g9,-20.4315182081558,193.04,131.088088,259.08
Devin Aromashodu,2006,g7,19.5320249507332,187.96,91.171992,304.8
Kendrick Bourne,2017,g7,19.26389775574,185.42,92.079176,317.5
Marcus Monk,2008,g7,9.06289957200357,193.04,100.697424,302.26
Cam Robinson,2017,g9,-36.1832258758692,198.12,146.056624,269.24
Logan Bruss,2022,g9,-29.8481252096328,195.58,140.159928,284.48
Eric Murray,2016,g7,22.2493648917426,180.34,90.264808,314.96
Rod Sweeting,2013,g7,26.6515167992291,180.34,85.728888,314.96
Matt Grootegoed,2005,g7,13.8852762675184,180.34,98.883056,281.94
Matt Jones,2005,g8,-0.96601061597744,198.12,109.769264,327.66
Tanner Hawkinson,2013,g9,-25.0057581113976,195.58,135.170416,284.48
Marcus Johnson,2005,g9,-35.7430106851205,198.12,145.603032,264.16
Corey Crume,2001,g8,10.8037699322778,180.34,102.0582,292.1
Ashley Cooper,2000,g7,18.8997313615089,177.8,94.347136,297.18
Little John Flowers,2002,g8,15.6461370305129,180.34,97.068688,279.4
Rashan Gary,2019,g8,-15.148935919172,193.04,125.644984,304.8
Jason Fanaika,2016,g8,-11.283038401672,187.96,122.923432,287.02
Emmanuel Acho,2012,g8,3.24406289303329,187.96,107.954896,299.72
Gavin Escobar,2013,g8,-6.24859290496121,198.12,115.212368,289.56
Cameron Morrah,2009,g8,-0.00953143796261358,190.5,110.676448,292.1
T.J. Hollowell,2004,g8,5.78931483828732,182.88,106.59412,297.18
Ryan Kalil,2007,g9,-24.2213669291382,190.5,135.624008,264.16
Deon Bush,2016,g7,21.6370617052386,182.88,90.264808,312.42
Mo Miller,2009,g9,-36.5473922701003,190.5,148.324584,246.38
Keke Coutee,2018,g7,30.7855415117223,177.8,82.100152,287.02
Rick DeMulling,2001,g9,-28.3553916416314,193.04,139.252744,274.32
Will Clarke,2014,g8,-13.7322511476882,198.12,122.923432,284.48
Jarvis Landry,2014,g7,19.6080737472508,180.34,92.98636,279.4
Willie Henry,2016,g9,-25.9822276921328,190.5,137.438376,279.4
Eric Smith,2006,g7,16.6226066112481,185.42,94.800728,322.58
Mike Adams,2012,g9,-37.2357442531219,200.66,146.510216,254
Ryan Groy,2014,g9,-32.9296315448733,195.58,143.335072,274.32
Jeremy Kerley,2011,g7,27.8761231722372,175.26,85.728888,304.8
Colby Whitlock,2011,g9,-24.9297093148801,187.96,136.984784,266.7
Cale Garrett,2020,g7,5.00492365602788,187.96,106.140528,314.96
Byron Pringle,2018,g7,19.26389775574,185.42,92.079176,304.8
Jordan Miller,2019,g7,26.747555998467,185.42,84.368112,317.5
Jameel McClain,2008,g8,-0.986001018697773,185.42,112.944408,279.4
Isaiah Thomas,2022,g8,-10.9188720074409,195.58,120.655472,297.18
C.J. Ah You,2007,g8,-13.8282903469261,193.04,124.284208,274.32
Marquez Valdes-Scantling,2018,g7,16.1063426239819,193.04,93.439952,314.96
Jonathan Crawford,2019,g7,18.3834673742427,185.42,92.98636,292.1
MyCole Pruitt,2015,g8,-2.47873458669911,187.96,113.851592,299.72
Michael Ford,2013,g8,18.6316041665156,175.26,95.25432,330.2
Jimmy Graham,2010,g8,-8.88988404945309,198.12,117.93392,304.8
Austin Allen,2022,g8,-7.03298408722064,203.2,114.758776,307.34
Gerri Green,2019,g8,-4.14355615045583,193.04,114.305184,289.56
Kerryon Johnson,2018,g8,16.0863522212616,180.34,96.615096,320.04
Kony Ealy,2014,g8,-13.3880751561774,193.04,123.830616,289.56
Keaontay Ingram,2022,g8,11.9523275087684,182.88,100.243832,309.88
Auden Tate,2018,g7,5.80930524100764,195.58,103.418976,284.48
John Moffitt,2011,g9,-33.6379739306152,193.04,144.695848,259.08
DeAndrew White,2015,g7,24.8906560362345,180.34,87.543256,299.72
Steve Neal,2001,g7,24.9866952354724,185.42,86.18248,302.26
Larry Ned,2002,g8,13.4450610767697,180.34,99.336648,304.8
Tavares Gooden,2008,g8,5.61722684253192,185.42,106.140528,299.72
Bruce Campbell,2010,g9,-32.66150434988,198.12,142.427888,256.54
Kenny Lawler,2016,g7,18.6515945692359,187.96,92.079176,281.94
Adam Ulatoski,2010,g9,-25.8861884928949,195.58,136.0776,238.76
Sean Richardson,2012,g7,12.9287970895035,187.96,97.975872,325.12
Cole Pemberton,2010,g9,-33.7140227271327,200.66,142.88148,243.84
Donovan Wilson,2019,g7,21.6370617052386,182.88,90.264808,322.58
Michael Roos,2005,g9,-35.9150986808759,200.66,145.14944,246.38
Shay Hodge,2010,g7,16.6226066112481,185.42,94.800728,297.18
Jarrod Cooper,2001,g7,11.5121123180197,182.88,100.697424,330.2
Jeremy Bridges,2003,g9,-25.7141004971395,193.04,136.531192,243.84
Antonio Gibson,2020,g7,8.87082117352785,182.88,103.418976,299.72
Isaac West,2005,g7,26.9196439942224,182.88,84.821704,314.96
Antoine Winfield Jr.,2020,g7,21.7131105017561,175.26,92.079176,314.96
Donald Stephenson,2012,g9,-31.1687707818787,195.58,141.520704,289.56
Ronnie Ghent,2004,g8,-1.15808901445316,187.96,112.490816,261.62
Dexter Williams,2019,g8,16.5265674120102,180.34,96.161504,330.2
Connor Williams,2018,g9,-24.1253277299003,195.58,134.263232,284.48
Ryan Kerrigan,2011,g8,-10.7467840116855,193.04,121.109064,309.88
Justin Fargas,2003,g8,12.2204547037616,185.42,99.336648,347.98
Stephon Kelly,2002,g7,14.0773546659941,190.5,96.161504,297.18
Nate Hairston,2017,g7,22.9577072774845,182.88,88.904032,299.72
Kapri Bibbs,2014,g8,17.7511737850183,175.26,96.161504,269.24
Kenneth Walker,2022,g8,18.191388975767,175.26,95.707912,309.88
Stephen Guidry,2020,g7,18.9197217642292,190.5,91.171992,317.5
Isaiah Pead,2012,g8,23.742098459744,177.8,89.357624,294.64
Essang Bassey,2020,g7,26.9956927907399,175.26,86.636072,325.12
Boo Williams,2001,g8,2.45967171077387,193.04,107.501304,302.26
Philip Blake,2012,g9,-29.503949218122,190.5,141.067112,266.7
Jovon Bouknight,2006,g7,22.7856192817292,185.42,88.45044,304.8
Cortez Allen,2011,g7,21.9051889002319,185.42,89.357624,327.66
Michael Johnson,2009,g8,-12.143478380449,200.66,120.655472,325.12
Quintez Cephus,2020,g7,19.7041129464886,185.42,91.625584,314.96
Jeff King,2006,g8,-1.67435300171934,195.58,111.13004,276.86
Harrison Hand,2020,g7,23.1297952732399,180.34,89.357624,337.82
Cordel Iwuagwu,2020,g9,-28.6235188366247,190.5,140.159928,238.76
Charles Bennett,2006,g8,-6.78484729494771,193.04,117.026736,292.1
Jason Worilds,2010,g8,-3.18707697244101,185.42,115.212368,289.56
Daryl Williams,2015,g9,-37.7719986431084,195.58,148.324584,246.38
Slade Bolden,2022,g7,24.8906560362345,180.34,87.543256,294.64
Derrick Lott,2015,g9,-31.4368979768719,193.04,142.427888,269.24
Andrus Peat,2015,g9,-32.8335923456354,200.66,141.974296,266.7
Calvin Armstrong,2005,g9,-38.1161746346192,200.66,147.4174,254
Jonathan Wade,2007,g7,24.6225288412413,177.8,88.45044,320.04
LaVar Glover,2002,g7,33.158705461221,175.26,80.285784,297.18
Malcolm Roach,2020,g8,-22.7286333611369,187.96,134.716824,289.56
Justin Rogers,2011,g7,31.225756702471,177.8,81.64656,289.56
Jordan Devey,2013,g9,-34.59445310863,200.66,143.788664,248.92
Jordan Davis,2022,g9,-44.5473145000935,198.12,154.674872,312.42
Tyler Marz,2016,g9,-34.1542379178813,200.66,143.335072,251.46
Charleston Rambo,2022,g7,30.7094927152048,185.42,80.285784,299.72
Benny LeMay,2020,g8,14.4015402547845,172.72,100.243832,284.48
James Whitley,2001,g7,25.5029592227386,177.8,87.543256,299.72
Anthony Schlegel,2006,g8,-0.813913022942375,182.88,113.398,281.94
Bryant McNeal,2003,g8,-2.38269538746124,193.04,112.490816,297.18
Tre Williams,2022,g8,-4.58377134120448,193.04,114.758776,264.16
Brandon Taylor,2012,g7,17.8472129842562,180.34,94.800728,299.72
Lane Johnson,2013,g9,-27.8191372516449,198.12,137.438376,299.72
Nevin Lawson,2014,g7,27.4359079814886,175.26,86.18248,304.8
Wali Lundy,2006,g8,15.6461370305129,180.34,97.068688,281.94
Clevan Thomas,2001,g7,27.8761231722372,175.26,85.728888,299.72
Allen Bailey,2011,g8,-18.0583542586571,190.5,129.27372,297.18
Andrew Kline,2000,g9,-26.250354887126,187.96,138.34556,261.62
Davontae Harris,2018,g7,21.19684651449,182.88,90.7184,312.42
Jon Beason,2007,g8,4.90888445679002,182.88,107.501304,281.94
Charles Cross,2022,g9,-28.9676948281355,195.58,139.252744,284.48
Cyrus Kouandjio,2014,g9,-36.7955290623732,200.66,146.056624,243.84
Chris Bell,2010,g7,15.1298730432468,187.96,95.707912,297.18
Marlin Jackson,2005,g7,21.4649737094832,185.42,89.811216,317.5
Quenton Meeks,2018,g7,17.7711641877386,187.96,92.98636,325.12
Uchenna Nwosu,2018,g8,-3.09103777320314,190.5,113.851592,302.26
LaShaun Mack,2001,g9,-24.2213669291382,190.5,135.624008,233.68
Myron Cunningham,2022,g9,-34.6904923078679,195.58,145.14944,248.92
Chaz Williams,2007,g7,23.5700104639886,180.34,88.904032,274.32
Sam Young,2010,g9,-34.7665411043854,203.2,143.335072,264.16
James Hardy,2008,g7,10.6516723392428,195.58,98.429464,317.5
Michael Toudouze,2006,g9,-27.8191372516449,198.12,137.438376,254
Michael Okwo,2007,g8,7.7222635970373,180.34,105.233344,307.34
Ahmad Dixon,2014,g7,15.9142642255062,182.88,96.161504,281.94
Robert Meachem,2007,g7,13.8092274710008,187.96,97.068688,307.34
Jonathan Orr,2006,g7,20.8526705229792,187.96,89.811216,302.26
LaMichael James,2012,g8,26.287350404998,172.72,87.996848,312.42
Dominique Stevenson,2002,g8,7.55017560128191,182.88,104.779752,279.4
Ricardo Lockette,2011,g7,15.1298730432468,187.96,95.707912,322.58
Chauncey Rivers,2020,g8,-7.32110168493423,187.96,118.841104,269.24
ArDarius Stewart,2017,g7,20.0482889379994,180.34,92.532768,314.96
Isaac Yiadom,2018,g7,24.9866952354724,185.42,86.18248,304.8
Chris Jones,2016,g9,-30.9006435868854,198.12,140.61352,269.24
DeMarco Murray,2011,g8,15.4740490347576,182.88,96.615096,314.96
Justin Geisinger,2005,g9,-34.9586195028611,193.04,146.056624,241.3
Ronnie Harrison,2018,g7,13.1969242844968,190.5,97.068688,304.8
Terry Beckner,2019,g8,-23.5130245433963,193.04,134.263232,248.92
Jonnu Smith,2017,g8,-1.7703922009572,190.5,112.490816,322.58
Derrius Monroe,2002,g8,-11.6272143931828,193.04,122.016248,281.94
Darius Butler,2009,g7,29.905111130225,177.8,83.007336,340.36
Marques Hagans,2006,g8,22.1533256925048,175.26,91.625584,289.56
Dennis Northcutt,2000,g7,33.4268326562142,177.8,79.3786,312.42
Ryan Bartholomew,2011,g9,-24.317406128376,185.42,136.984784,233.68
Quincy Wilson,2004,g8,12.0283763052859,175.26,102.0582,299.72
Robert Blanton,2012,g7,17.0628218019967,185.42,94.347136,294.64
Willie Snead,2014,g7,24.0102256547372,180.34,88.45044,287.02
Bug Howard,2017,g7,9.50311476275222,193.04,100.243832,302.26
Jason Webster,2000,g7,31.838059888975,175.26,81.64656,309.88
Jace Sayler,2001,g9,-23.244897348403,195.58,133.356048,266.7
Stanford Routt,2005,g7,23.6660496632264,185.42,87.543256,327.66
Jalen Ramsey,2016,g7,16.6226066112481,185.42,94.800728,342.9
Deadrin Senat,2018,g9,-28.9876852308558,182.88,142.427888,254
Cobi Hamilton,2013,g7,14.6896578524981,187.96,96.161504,271.78
Quincy Monk,2002,g8,-2.6508225824545,190.5,113.398,287.02
J.R. Reed,2020,g7,19.7041129464886,185.42,91.625584,330.2
James Daniels,2018,g9,-27.3028732643787,190.5,138.799152,274.32
Casey Toohill,2020,g7,-3.26312576895853,193.04,113.398,320.04
Carl Granderson,2019,g8,-5.63628971845717,195.58,115.212368,302.26
Davon House,2011,g7,21.19684651449,182.88,90.7184,276.86
Telvin Smith,2014,g8,11.4360635215022,190.5,98.883056,302.26
Kevin Bentley,2002,g8,2.26759331229816,182.88,110.222856,304.8
Karan Higdon,2019,g8,20.3924649295102,175.26,93.439952,312.42
Daryn Colledge,2006,g9,-24.8336701156422,193.04,135.624008,279.4
Sean Davis,2016,g7,20.1443281372373,185.42,91.171992,320.04
Jarrett Payton,2004,g8,12.392542699517,182.88,99.79024,292.1
Jamie Silva,2008,g7,20.0482889379994,180.34,92.532768,284.48
Jeff Harris,2000,g7,25.5989984219764,182.88,86.18248,289.56
John Graves,2011,g9,-18.4985694494058,190.5,129.727312,289.56
Antonio Coleman,2010,g8,-3.62729216318966,185.42,115.66596,287.02
Javon Leake,2020,g8,14.5936186532603,182.88,97.52228,317.5
Justin Shaffer,2022,g9,-31.4368979768719,193.04,142.427888,271.78
Alex Lincoln,2001,g8,-1.25412821369102,182.88,113.851592,281.94
Brandon Meriweather,2007,g7,24.0102256547372,180.34,88.45044,281.94
Markus Wheaton,2013,g7,26.6515167992291,180.34,85.728888,304.8
Julio Jones,2011,g7,10.5556331400049,190.5,99.79024,342.9
Geronimo Allison,2016,g7,21.1207977179724,190.5,88.904032,322.58
Ricky Williams,2002,g8,28.6605143544966,170.18,86.18248,279.4
Morgan Moses,2014,g9,-32.66150434988,198.12,142.427888,269.24
Vernand Morency,2005,g8,17.1388705985143,177.8,96.161504,274.32
Mark Glowinski,2015,g9,-28.3553916416314,193.04,139.252744,287.02
Kevin Toliver,2018,g7,17.5990761919832,190.5,92.532768,304.8
Eddie Freeman,2002,g9,-30.2883404003814,195.58,140.61352,281.94
Dennis Norman,2001,g9,-27.4749612601341,193.04,138.34556,271.78
Qaadir Sheppard,2020,g8,-7.49318968068962,190.5,118.387512,292.1
Zach Cunningham,2017,g8,4.39262046952384,190.5,106.140528,317.5
Ali Marpet,2015,g9,-28.3553916416314,193.04,139.252744,274.32
Ben Sobieski,2003,g9,-28.9676948281355,195.58,139.252744,276.86
Mac Tuiaea,2000,g9,-24.7376309164044,198.12,134.263232,251.46
Chris Cole,2000,g7,25.1587832312278,182.88,86.636072,317.5
Orlando Scandrick,2008,g7,25.9431744134872,177.8,87.089664,317.5
Jammal Brown,2005,g9,-33.5419347313773,198.12,143.335072,276.86
Andrew Williams,2003,g8,-7.76131687568287,187.96,119.294696,287.02
Michael Allan,2007,g8,-6.68880809570985,198.12,115.66596,312.42
Troy Andersen,2022,g7,-0.181619433718005,193.04,110.222856,325.12
Stephen Burton,2011,g7,11.3400243222643,185.42,100.243832,297.18
Max Valles,2015,g8,-4.31564414621123,195.58,113.851592,307.34
Alan Branch,2007,g9,-37.0636562573665,198.12,146.963808,271.78
Kraig Urbik,2009,g9,-38.212213833857,195.58,148.778176,238.76
Jonathan Stewart,2013,g8,0.258595757030643,193.04,109.769264,299.72
Anthony Dixon,2010,g8,6.05744203328057,185.42,105.686936,307.34
Cameron Stephenson,2007,g9,-27.3028732643787,190.5,138.799152,256.54
Bucky Hodges,2017,g8,-7.56923847720715,198.12,116.573144,340.36
Dallas Baker,2007,g7,15.8382154289887,190.5,94.347136,327.66
Kaleb McGary,2019,g9,-34.59445310863,200.66,143.788664,281.94
Jonathan Hefney,2008,g7,28.0482111679926,172.72,86.18248,297.18
Chris Lindstrom,2019,g9,-28.79560683238,193.04,139.706336,297.18
Ali Highsmith,2008,g8,7.99039079203056,182.88,104.32616,284.48
Aaron Jones,2017,g8,19.5120345480129,175.26,94.347136,322.58
Eric Manning,2003,g9,-24.7576213191247,185.42,137.438376,271.78
Jamel Smith,2000,g8,1.38716293080086,182.88,111.13004,274.32
Darius Reynaud,2008,g7,22.5935408832534,175.26,91.171992,330.2
Thomas Howard,2006,g8,2.19154451578061,190.5,108.408488,314.96
Dennis Keyes,2008,g7,18.3834673742427,185.42,92.98636,284.48
Abraham Lucas,2022,g9,-33.1017195406287,198.12,142.88148,271.78
Justin Peelle,2002,g8,-5.46420172270177,193.04,115.66596,279.4
Doug Hogue,2011,g8,4.56470846527924,187.96,106.59412,307.34
Tab Perry,2005,g7,7.20599960977112,187.96,103.872568,294.64
Jordan Lomax,2016,g7,21.5410225060007,177.8,91.625584,304.8
Stepfan Taylor,2013,g8,16.870743403521,175.26,97.068688,279.4
Colby Bockwoldt,2004,g8,6.76578441902247,187.96,104.32616,284.48
Carlos Rogers,2005,g7,22.9577072774845,182.88,88.904032,320.04
Yvenson Bernard,2008,g8,21.8851984975115,172.72,92.532768,284.48
Tyrone Goard,2013,g7,16.5465578147306,193.04,92.98636,312.42
Chris Owens,2009,g7,30.7855415117223,177.8,82.100152,279.4
Austin Deculus,2022,g9,-35.1307074986165,195.58,145.603032,276.86
Derek Hagan,2006,g7,16.4505186154927,187.96,94.347136,314.96
Abdual Howard,2002,g7,17.2349097977521,182.88,94.800728,304.8
DeMario Minter,2006,g7,26.2113016084805,180.34,86.18248,332.74
Niles Brinkley,2011,g7,26.1152624092426,175.26,87.543256,304.8
Kheeston Randall,2012,g9,-22.8046821576544,195.58,132.902456,281.94
Manny Lawson,2006,g8,0.086507761275245,195.58,109.315672,314.96
Marshall Williams,2011,g7,25.8671256169697,185.42,85.275296,312.42
Billy Winn,2012,g8,-22.632594161899,193.04,133.356048,271.78
Nate Potter,2012,g9,-27.8191372516449,198.12,137.438376,254
Demarcus Faggins,2002,g7,32.1061870839683,177.8,80.739376,307.34
Justin Jenkins,2004,g7,16.0863522212616,180.34,96.615096,312.42
Eric Shelton,2005,g8,0.334644553548169,185.42,111.583632,314.96
Keaton Kristick,2010,g8,4.39262046952384,190.5,106.140528,304.8
Josh Mauro,2014,g8,-13.7322511476882,198.12,122.923432,294.64
Dwayne Missouri,2001,g8,-7.39715048145176,195.58,117.026736,294.64
Trey Flowers,2015,g8,-9.08196244792881,187.96,120.655472,307.34
Baylon Spector,2022,g7,6.66974521978461,182.88,105.686936,309.88
Rueben Randle,2012,g7,14.9577850474914,190.5,95.25432,307.34
Ben Gedeon,2017,g8,0.602771748541425,187.96,110.676448,302.26
Calvin Austin,2022,g7,36.8525149829655,172.72,77.11064,342.9
Ellis Hobbs,2005,g7,26.5554775999913,175.26,87.089664,314.96
Aubrayo Franklin,2003,g9,-26.5184820821193,185.42,139.252744,254
Duane Coleman,2007,g7,23.4739712647507,175.26,90.264808,304.8
D.J. Pettway,2016,g8,-8.64174725718017,187.96,120.20188,274.32
Linval Joseph,2010,g9,-37.599910647353,193.04,148.778176,254
Chase Thomas,2013,g8,-0.00953143796261358,190.5,110.676448,287.02
Preston Brown,2014,g8,-1.86643140019507,185.42,113.851592,294.64
Charlie Gantt,2011,g8,-4.14355615045583,193.04,114.305184,284.48
Larry Ogunjobi,2017,g8,-26.8626580736301,190.5,138.34556,294.64
Brian Burns,2019,g8,-3.43521376471393,195.58,112.944408,327.66
Carlton Davis,2018,g7,19.26389775574,185.42,92.079176,314.96
Jerry Tillery,2019,g8,-24.2974157256557,198.12,133.80964,292.1
Keyarris Garrett,2016,g7,10.5556331400049,190.5,99.79024,325.12
Jon McGraw,2002,g7,15.8382154289887,190.5,94.347136,320.04
Chris Davis,2007,g7,30.7855415117223,177.8,82.100152,292.1
Terrance Williams,2013,g7,16.4505186154927,187.96,94.347136,302.26
L.J. Collier,2019,g8,-16.5656206906558,187.96,128.366536,299.72
Malachi Dupre,2017,g7,21.7331009044765,187.96,88.904032,342.9
Obum Gwacham,2015,g8,-2.11456819246799,195.58,111.583632,307.34
Elgton Jenkins,2019,g9,-29.6760372138773,193.04,140.61352,276.86
Khalif Mitchell,2009,g9,-33.8100619263706,195.58,144.242256,276.86
Brandon Shell,2016,g9,-36.4513530708624,195.58,146.963808,284.48
Jonotthan Harrison,2014,g9,-26.4224428828814,190.5,137.891968,287.02
Pharoh Cooper,2016,g7,20.4885041287481,180.34,92.079176,292.1
Mookie Moore,2000,g9,-33.4658859348598,190.5,145.14944,238.76
Avery Moss,2017,g8,-8.81383525293556,190.5,119.748288,289.56
I.K. Enemkpali,2014,g8,-6.26858330768154,185.42,118.387512,284.48
Jonathan Smith,2004,g7,25.0627440319899,177.8,87.996848,289.56
Anthony Mix,2006,g7,3.34010209227116,193.04,106.59412,281.94
Aaron Hester,2013,g7,20.8526705229792,187.96,89.811216,284.48
Edmond Robinson,2015,g8,-0.449746628711261,190.5,111.13004,307.34
Kevin Kasper,2001,g7,21.6370617052386,182.88,90.264808,320.04
Delvon Flowers,2002,g8,21.809149700994,180.34,90.7184,297.18
David Amerson,2013,g7,18.3834673742427,185.42,92.98636,322.58
Jake Ferguson,2022,g8,-3.87542895546258,195.58,113.398,299.72
Sammie Coates,2015,g7,15.3019610390022,185.42,96.161504,332.74
Brett Pierce,2004,g8,-3.87542895546258,195.58,113.398,261.62
Bisi Johnson,2019,g7,19.4359857514954,182.88,92.532768,314.96
Bear Pascoe,2009,g8,-4.31564414621123,195.58,113.851592,271.78
Patrick Chukwurah,2001,g8,3.24406289303329,187.96,107.954896,302.26
Darius Johnson,2013,g7,32.2782750797237,175.26,81.192968,276.86
Emeke Egbule,2019,g7,0.162556557792777,187.96,111.13004,302.26
Gary Russell,2007,g8,9.65521235578728,177.8,103.872568,287.02
Shilique Calhoun,2016,g8,-3.70334095970718,193.04,113.851592,292.1
Larry Foster,2000,g7,23.3018832689953,177.8,89.811216,307.34
Hanik Milligan,2003,g7,19.5320249507332,187.96,91.171992,330.2
Eric Saubert,2017,g8,-5.19607452770852,195.58,114.758776,307.34
Joseph Jefferson,2002,g7,19.6080737472508,180.34,92.98636,307.34
Steve Beauharnais,2013,g8,2.97593569804005,185.42,108.86208,299.72
Matt Leonard,2003,g9,-26.8626580736301,190.5,138.34556,241.3
Vince Biegel,2017,g8,-0.889961819459908,190.5,111.583632,299.72
Jermaine Petty,2002,g8,-7.49318968068962,190.5,118.387512,294.64
J.P. Foschi,2004,g8,-10.3065688209369,193.04,120.655472,281.94
Nick Brossette,2019,g8,17.8472129842562,180.34,94.800728,299.72
Branden Albert,2008,g9,-30.4604283961368,198.12,140.159928,281.94
Brett Roy,2012,g9,-13.6562023511707,190.5,124.7378,274.32
James Butler,2005,g7,14.2494426617495,187.96,96.615096,322.58
Domata Peko,2006,g9,-27.7430884551274,190.5,139.252744,261.62
Pisa Tinoisamoa,2003,g8,7.55017560128191,182.88,104.779752,281.94
Keanu Neal,2016,g7,16.3544794162549,182.88,95.707912,335.28
Kenny McKinley,2009,g7,26.0392136127251,182.88,85.728888,287.02
Kassim Osgood,2003,g7,14.6136090559806,195.58,94.347136,309.88
Brandon Spoon,2001,g8,0.162556557792777,187.96,111.13004,279.4
Rocky Boiman,2002,g8,0.258595757030643,193.04,109.769264,309.88
Patrick Venzke,2001,g9,-27.8191372516449,198.12,137.438376,261.62
Kevin Zeitler,2012,g9,-31.4368979768719,193.04,142.427888,256.54
Johnny Patrick,2011,g7,25.7710864177318,180.34,86.636072,279.4
Kindal Moorehead,2003,g8,-17.4460510721531,187.96,129.27372,264.16
Courtney Roby,2005,g7,26.0392136127251,182.88,85.728888,320.04
Taylor Price,2010,g7,19.4359857514954,182.88,92.532768,289.56
Jean Sifrin,2015,g8,-1.67435300171934,195.58,111.13004,289.56
"Odell Beckham, Jr.",2014,g7,22.6895800824913,180.34,89.811216,309.88
Terrell Burgess,2020,g7,20.9287193194967,180.34,91.625584,309.88
Chrys Chukwuma,2000,g8,6.49765722402922,185.42,105.233344,292.1
Marcus Roberson,2014,g7,25.1587832312278,182.88,86.636072,304.8
Mike Walker,2004,g8,-5.02398653195312,193.04,115.212368,269.24
Travon Walker,2022,g8,-13.5601631519328,195.58,123.377024,312.42
Calvin Ridley,2018,g7,26.0392136127251,182.88,85.728888,279.4
Zay Jones,2017,g7,19.5320249507332,187.96,91.171992,337.82
Robert Nkemdiche,2016,g9,-22.0202909753949,190.5,133.356048,294.64
Terrence Holt,2003,g7,16.4505186154927,187.96,94.347136,309.88
Zach Strief,2006,g9,-40.9295537748664,203.2,149.68536,238.76
John Standeford,2004,g7,20.6805825272238,190.5,89.357624,287.02
Brian Westbrook,2002,g8,23.6460592605061,172.72,90.7184,299.72
Mitch Hyatt,2019,g9,-27.2068340651409,195.58,137.438376,259.08
Seantrel Henderson,2014,g9,-40.757465779111,200.66,150.138952,241.3
Gabe Reid,2003,g8,-4.85189853619773,190.5,115.66596,302.26
Chris Horton,2008,g7,15.9142642255062,182.88,96.161504,276.86
Steve Slaton,2008,g8,24.354401646248,175.26,89.357624,299.72
Shaun Draughn,2011,g8,16.0863522212616,180.34,96.615096,299.72
Will Hernandez,2018,g9,-35.9350890835963,187.96,148.324584,264.16
Jay Moore,2007,g8,-14.4405935334301,195.58,124.284208,299.72
Ross Scheuerman,2015,g7,19.4359857514954,182.88,92.532768,307.34
Nehemiah Broughton,2005,g8,-0.201609836438337,180.34,113.398,274.32
Corey Hall,2001,g7,20.2403673364751,190.5,89.811216,322.58
Trae Williams,2008,g7,26.1152624092426,175.26,87.543256,279.4
Anthony Johnson,2019,g7,16.0103034247441,187.96,94.800728,309.88
Kyren Williams,2022,g8,25.675047218494,175.26,87.996848,294.64
Ashton Dulin,2019,g7,13.9813154667562,185.42,97.52228,307.34
Steve Williams,2013,g7,31.3978446982264,175.26,82.100152,325.12
Claude Terrell,2005,g9,-42.9785321355746,187.96,155.582056,226.06
Juanyeh Thomas,2022,g7,15.3019610390022,185.42,96.161504,309.88
Caleb McSurdy,2012,g8,0.774859744296816,185.42,111.13004,279.4
John Johnson,2017,g7,18.3834673742427,185.42,92.98636,302.26
Tony Jackson,2005,g8,-9.08196244792881,187.96,120.655472,287.02
Michael Goolsby,2005,g8,-2.21060739170585,190.5,112.944408,284.48
Scott Starks,2005,g7,35.9720846014682,172.72,78.017824,347.98
Craig Stevens,2008,g8,-4.41168334544909,190.5,115.212368,289.56
Travis Laboy,2004,g8,-8.37362006218691,190.5,119.294696,320.04
Justin Warren,2007,g8,-0.449746628711261,190.5,111.13004,292.1
Curtis Brown,2011,g7,27.8000743757197,182.88,83.91452,325.12
Billy Turner,2014,g9,-32.4894163541246,195.58,142.88148,274.32
Curry Burns,2003,g7,14.1534034625116,182.88,97.975872,304.8
Travis Goethel,2010,g8,2.36363251153601,187.96,108.86208,281.94
Adrian Hubbard,2014,g8,-7.56923847720715,198.12,116.573144,297.18
Geno Atkins,2010,g9,-20.3554694116382,185.42,132.902456,297.18
Demario Brown,2000,g8,13.713188271763,182.88,98.429464,271.78
Demorrio Williams,2004,g8,6.49765722402922,185.42,105.233344,317.5
Tori Gurley,2011,g7,11.7041907164955,193.04,97.975872,299.72
Damarious Randall,2015,g7,23.5700104639886,180.34,88.904032,304.8
Matt McCants,2012,g9,-30.0202132053881,198.12,139.706336,246.38
Ben Boulware,2017,g8,4.46866926604138,182.88,107.954896,281.94
Mike Kudla,2006,g8,-8.64174725718017,187.96,120.20188,289.56
Fili Moala,2009,g9,-27.4749612601341,193.04,138.34556,254
Devin Street,2014,g7,20.2403673364751,190.5,89.811216,314.96
T.J. Hockenson,2019,g8,-4.31564414621123,195.58,113.851592,312.42
Doug Martin,2012,g8,12.9088066867832,175.26,101.151016,304.8
Colin McCarthy,2011,g8,3.85636607953733,185.42,107.954896,302.26
Scott Orndoff,2017,g8,-5.19607452770852,195.58,114.758776,284.48
Karaun White,2018,g7,17.943252183494,185.42,93.439952,299.72
Akeem Ayers,2011,g8,-3.79938015894505,187.96,115.212368,294.64
Mario Monds,2001,g9,-43.15062013133,190.5,155.128464,251.46
B.W. Webb,2013,g7,29.4648959394764,177.8,83.460928,335.28
Lavon Coleman,2018,g8,15.2059218397643,180.34,97.52228,304.8
Anthony Hill,2009,g8,-9.15801124444635,195.58,118.841104,271.78
Donnell Washington,2004,g9,-39.9730745968516,195.58,150.592544,276.86
Oren Burks,2018,g8,4.83283566027249,190.5,105.686936,332.74
Byron Cowart,2019,g8,-23.7811517383895,190.5,135.170416,281.94
Kindle Vildor,2020,g7,26.3833896042359,177.8,86.636072,337.82
Jarvis Green,2002,g8,-12.3355567789247,190.5,123.377024,276.86
Gabe Watson,2006,g9,-41.8299745590841,190.5,153.767688,243.84
Kelly Griffeth,2005,g8,-18.8427454409166,195.58,128.820128,261.62
Marvell Tell,2019,g7,20.8526705229792,187.96,89.811216,345.44
Garrett Reynolds,2009,g9,-31.6850347691449,203.2,140.159928,238.76
Carlton Mitchell,2010,g7,12.7567090937481,190.5,97.52228,309.88
Arnold Parker,2004,g7,14.2494426617495,187.96,96.615096,304.8
Brandon Ghee,2010,g7,24.7185680404791,182.88,87.089664,322.58
Clayton Geathers,2015,g7,12.0483667080062,187.96,98.883056,304.8
Chad Upshaw,2007,g8,-4.14355615045583,193.04,114.305184,274.32
Cody Core,2016,g7,17.1588610012346,190.5,92.98636,302.26
Geno Stone,2020,g7,19.3399465522575,177.8,93.893544,294.64
Kevin White,2015,g7,12.7567090937481,190.5,97.52228,312.42
Cody Whitehair,2016,g9,-25.7141004971395,193.04,136.531192,279.4
Danny Coale,2012,g7,20.7566313237413,182.88,91.171992,292.1
Bruce Davis,2008,g8,-3.53125296395179,190.5,114.305184,276.86
Albert Huggins,2019,g8,-26.8626580736301,190.5,138.34556,256.54
Howard Gilmore,2005,g7,23.8381376589818,182.88,87.996848,287.02
Scott McKillop,2009,g8,1.21507493504546,185.42,110.676448,302.26
Quin Blanding,2018,g7,13.3690122802522,187.96,97.52228,309.88
Damien Wilson,2015,g8,1.38716293080086,182.88,111.13004,302.26
Mike Otto,2007,g9,-29.4079100188841,195.58,139.706336,266.7
Kyshoen Jarrett,2015,g7,22.421452887498,177.8,90.7184,276.86
Gerald Hodges,2013,g8,1.65529012579411,185.42,110.222856,302.26
Jason Weaver,2013,g9,-30.9966827861233,193.04,141.974296,238.76
C.J. Mosley,2014,g8,5.00492365602788,187.96,106.140528,299.72
Cooper Wallace,2006,g8,-8.10549286719365,193.04,118.387512,266.7
Jamaal Green,2003,g8,-11.7232535924207,187.96,123.377024,302.26
Marcus Williams,2001,g7,4.92887485951035,195.58,104.32616,330.2
Scottie Phillips,2020,g8,19.6841225437683,172.72,94.800728,289.56
Vontaze Burfict,2012,g8,-0.545785827949126,185.42,112.490816,264.16
Chad Beasley,2002,g9,-27.2068340651409,195.58,137.438376,264.16
Duane Brown,2008,g9,-31.8771131676206,193.04,142.88148,266.7
James McClinton,2008,g9,-19.7431662251342,182.88,132.902456,246.38
Anthony Zettel,2016,g9,-15.148935919172,193.04,125.644984,276.86
Rennie Moore,2012,g9,-10.5746960159301,190.5,121.562656,276.86
Vince Oghobaase,2010,g9,-27.2068340651409,195.58,137.438376,228.6
Beniquez Brown,2016,g8,7.81830279627516,185.42,103.872568,279.4
Anthony Arline,2007,g7,20.4124553322305,187.96,90.264808,314.96
Brandon Bolden,2012,g8,12.1244155045238,180.34,100.697424,302.26
Laquon Treadwell,2016,g7,10.7277211357603,187.96,100.243832,297.18
A.J. Jefferson,2010,g7,24.2783528497305,182.88,87.543256,320.04
Robert Thomas,2002,g8,8.4306059827792,182.88,103.872568,294.64
Jerry Johnson,2000,g9,-19.7431662251342,182.88,132.902456,259.08
Dwayne Pierce,2002,g9,-32.4133675576071,187.96,144.695848,236.22
Seth McKinney,2002,g9,-24.6615821198868,190.5,136.0776,266.7
Odell Thurman,2005,g8,6.66974521978461,182.88,105.686936,289.56
Quinton Spotwood,2000,g7,28.8525927529724,180.34,83.460928,312.42
Marquez Callaway,2020,g7,18.3834673742427,185.42,92.98636,320.04
Jester Weah,2018,g7,15.1298730432468,187.96,95.707912,327.66
Ken Hamlin,2003,g7,16.0103034247441,187.96,94.800728,297.18
Kahlil McKenzie,2018,g9,-32.049201163376,195.58,142.427888,266.7
T.C. Taylor,2002,g7,10.3835451442495,193.04,99.336648,289.56
Logan Wilson,2020,g7,1.92341732078737,187.96,109.315672,307.34
Keith Adams,2001,g8,13.4450610767697,180.34,99.336648,264.16
Tango McCauley,2002,g9,-26.4224428828814,190.5,137.891968,264.16
Wesley Johnson,2014,g9,-24.565542920649,195.58,134.716824,281.94
Ugo Chinasa,2011,g8,-10.0384416259436,195.58,119.748288,297.18
Ryan Carrethers,2014,g9,-39.7249378045787,185.42,152.860504,223.52
Barry Richardson,2008,g9,-35.9150986808759,200.66,145.14944,254
Derek McCoy,2004,g7,14.9577850474914,190.5,95.25432,325.12
Marcus Dixon,2008,g8,-21.7521637804017,193.04,132.448864,281.94
Chris Culliver,2011,g7,21.6370617052386,182.88,90.264808,312.42
Deandre Baker,2019,g7,24.8906560362345,180.34,87.543256,299.72
Talman Gardner,2003,g7,18.3834673742427,185.42,92.98636,294.64
Brian Rolle,2011,g8,9.65521235578728,177.8,103.872568,292.1
Phil Loadholt,2009,g9,-41.8099841563637,203.2,150.592544,241.3
Garry Johnson,2003,g9,-19.8192150216517,190.5,131.088088,246.38
Abraham Elimimian,2005,g7,26.8236047949845,177.8,86.18248,307.34
Phillip Gaines,2014,g7,24.2783528497305,182.88,87.543256,309.88
Danny Pinter,2020,g9,-27.9151764508828,193.04,138.799152,279.4
Aaron Davis,2015,g8,10.1914667457738,182.88,102.0582,271.78
Ziggy Ansah,2013,g8,-13.1199479611842,195.58,122.923432,299.72
Sheldrick Redwine,2019,g7,22.9577072774845,182.88,88.904032,330.2
Christian Thompson,2012,g7,16.3544794162549,182.88,95.707912,309.88
Doug Datish,2007,g9,-26.1543156878882,193.04,136.984784,259.08
Jason Pociask,2006,g8,-9.69426563443285,190.5,120.655472,292.1
Jeremy Childs,2009,g7,21.19684651449,182.88,90.7184,292.1
John Owens,2002,g8,-9.25405044368421,190.5,120.20188,297.18
Adolphus Washington,2016,g9,-25.1017973106355,190.5,136.531192,251.46
Brian Robison,2007,g8,-6.61275929919232,190.5,117.480328,307.34
Margin Hooks,2001,g7,25.7710864177318,180.34,86.636072,294.64
Kris O'Dowd,2011,g9,-27.0347460693855,193.04,137.891968,266.7
Robert Geathers,2004,g8,-11.8953415881761,190.5,122.923432,284.48
Tyrann Mathieu,2013,g7,29.1967687444831,175.26,84.368112,297.18
Jordan Willis,2017,g8,-5.46420172270177,193.04,115.66596,317.5
Dennis Johnson,2002,g8,-7.39715048145176,195.58,117.026736,302.26
Rashad Fenton,2019,g7,24.8906560362345,180.34,87.543256,297.18
Buster Davis,2007,g8,5.86536363480485,175.26,108.408488,264.16
Jahri Evans,2006,g9,-32.3173283583692,193.04,143.335072,241.3
Yamon Figurs,2007,g7,33.2547446604588,180.34,78.925008,312.42
Charlie Woerner,2020,g8,-1.2341378109707,195.58,110.676448,304.8
Alfred Morris,2012,g8,14.0573642632737,177.8,99.336648,297.18
Nate Dwyer,2002,g9,-30.3843795996193,190.5,141.974296,261.62
Jalen Collins,2015,g7,19.26389775574,185.42,92.079176,314.96
Tyler Boyd,2016,g7,21.9051889002319,185.42,89.357624,302.26
Tre Jackson,2015,g9,-38.4803410288503,193.04,149.68536,243.84
Chip Vaughn,2009,g7,11.3400243222643,185.42,100.243832,317.5
Nate Ilaoa,2007,g8,3.22407249031298,175.26,111.13004,261.62
Jeb Terry,2004,g9,-31.6089859726273,195.58,141.974296,266.7
Kalvin McRae,2008,g8,21.7131105017561,175.26,92.079176,276.86
Alfonzo Dennard,2012,g7,20.6605921245034,177.8,92.532768,307.34
Austin Collie,2009,g7,20.5845433279859,185.42,90.7184,304.8
Garret Dooley,2018,g8,-1.7703922009572,190.5,112.490816,307.34
Josh Huff,2014,g7,19.1678585565021,180.34,93.439952,294.64
Jermaine Johnson II,2022,g8,-5.63628971845717,195.58,115.212368,317.5
Arthur Moats,2010,g8,0.946947740052213,182.88,111.583632,309.88
Jordan Thomas,2018,g8,-10.4786568166923,195.58,120.20188,281.94
Derrick Harvey,2008,g8,-13.1199479611842,195.58,122.923432,287.02
Robert Ferguson,2001,g7,18.3834673742427,185.42,92.98636,304.8
Jordan Carstens,2004,g9,-28.0872644466382,195.58,138.34556,269.24
Dre'Mont Jones,2019,g8,-16.2974934956625,190.5,127.459352,279.4
Bob Sanders,2004,g7,21.8851984975115,172.72,92.532768,325.12
Kevin White,2015,g7,30.5174143167291,175.26,83.007336,307.34
Victor Hobson,2003,g8,-1.69434340443967,182.88,114.305184,297.18
Maurice Evans,2009,g8,-11.9913807874139,185.42,124.284208,271.78
Roy Williams,2002,g7,12.8327578902657,182.88,99.336648,292.1
Brett Romberg,2003,g9,-21.8482029796396,187.96,133.80964,251.46
Lil'Jordan Humphrey,2019,g7,14.3454818609873,193.04,95.25432,302.26
Justin Smith,2001,g8,-10.7467840116855,193.04,121.109064,297.18
Devon Kennard,2014,g8,-2.21060739170585,190.5,112.944408,287.02
David Barrett,2000,g7,22.8616680782467,177.8,90.264808,294.64
Greg Isdaner,2009,g9,-35.666961888603,190.5,147.4174,233.68
Johnny Jolly,2006,g9,-32.1452403626138,190.5,143.788664,264.16
Sean Weatherspoon,2010,g8,3.41615088878869,185.42,108.408488,312.42
Frank Okam,2008,g9,-45.9639992715773,193.04,157.396424,264.16
Jon Baldwin,2011,g7,6.42160842751169,193.04,103.418976,327.66
Asante Samuel,2003,g7,28.4123775622237,180.34,83.91452,304.8
Josh Davis,2005,g7,25.1587832312278,182.88,86.636072,299.72
Kevin Robinson,2008,g7,20.9287193194967,180.34,91.625584,292.1
Jaylen Warren,2022,g8,21.8851984975115,172.72,92.532768,302.26
Johnny Holton,2016,g7,24.9866952354724,185.42,86.18248,312.42
Scott Long,2010,g7,12.9287970895035,187.96,97.975872,312.42
Antwan Applewhite,2007,g8,-2.6508225824545,190.5,113.398,292.1
Eric Steinbach,2003,g9,-25.177846107153,198.12,134.716824,302.26
Marcus Forston,2012,g9,-23.8771909376274,185.42,136.531192,266.7
Justin Senior,2017,g9,-39.532859406103,195.58,150.138952,248.92
Kevin Beard,2004,g7,30.0011503294629,182.88,81.64656,287.02
Justin Britt,2014,g9,-37.5038714481151,198.12,147.4174,254
Mark Setterstrom,2006,g9,-31.4368979768719,193.04,142.427888,254
Joe Thomas,2007,g9,-31.9531619641381,200.66,141.067112,279.4
Nick Leckey,2004,g9,-20.2594302124004,190.5,131.54168,246.38
Chad Nkang,2007,g7,13.0048458860211,180.34,99.79024,299.72
Pierre Strong,2022,g8,18.7276433657535,180.34,93.893544,314.96
Bjoern Werner,2013,g8,-9.69426563443285,190.5,120.655472,281.94
Alec Lemon,2013,g7,19.7041129464886,185.42,91.625584,284.48
J.R. Tolver,2003,g7,19.7041129464886,185.42,91.625584,302.26
Chad Thomas,2018,g8,-18.1344030551747,198.12,127.459352,294.64
Duke Williams,2013,g7,20.4885041287481,180.34,92.079176,320.04
A.J. Brown,2019,g7,9.75125155502514,182.88,102.511792,304.8
Alvin Bowen,2008,g8,10.459593940767,185.42,101.151016,302.26
Anthony McFarland,2020,g8,20.1243377345169,172.72,94.347136,294.64
Rob Morris,2000,g8,-2.03851939595046,187.96,113.398,287.02
Demarcus Christmas,2019,g8,-22.0202909753949,190.5,133.356048,256.54
Andrew Stueber,2022,g9,-38.1161746346192,200.66,147.4174,256.54
D.J. Reader,2016,g9,-36.5473922701003,190.5,148.324584,251.46
D.J. Moore,2009,g7,26.5554775999913,175.26,87.089664,299.72
Paul Toviessi,2001,g8,-8.88988404945309,198.12,117.93392,304.8
Cornelius Brown,2010,g7,22.6895800824913,180.34,89.811216,299.72
Danny Trevathan,2012,g8,4.90888445679002,182.88,107.501304,281.94
Quinn Pitcock,2007,g9,-23.6090637426342,187.96,135.624008,284.48
Shawnbrey McNeal,2010,g8,25.675047218494,175.26,87.996848,297.18
DeeJay Dallas,2020,g8,14.937794644771,177.8,98.429464,302.26
Keith Ellison,2006,g8,5.17701165178327,185.42,106.59412,292.1
Jessie Bates,2018,g7,22.1733160952251,187.96,88.45044,297.18
Brock Vereen,2014,g7,21.6370617052386,182.88,90.264808,297.18
Quentin Jammer,2002,g7,19.4359857514954,182.88,92.532768,314.96
Jaryd Jones-Smith,2018,g9,-33.982149922126,198.12,143.788664,276.86
Trayveon Williams,2019,g8,21.0047681160142,172.72,93.439952,307.34
Travis Bright,2009,g9,-34.5184043121124,193.04,145.603032,274.32
Noah Igbinoghene,2020,g7,23.3018832689953,177.8,89.811216,325.12
Albert Wilson,2014,g7,22.1533256925048,175.26,91.625584,312.42
Ben Kelly,2000,g7,30.5174143167291,175.26,83.007336,294.64
Amari Cooper,2015,g7,15.7421762297508,185.42,95.707912,304.8
Elliot Silvers,2001,g9,-48.2411240218381,200.66,157.850016,251.46
Joey Haynos,2008,g8,-9.67427523171252,203.2,117.480328,312.42
Andre Maddox,2005,g7,18.3834673742427,185.42,92.98636,322.58
Darryl Blackstock,2005,g8,-1.33017701020856,190.5,112.037224,320.04
Jordan Gross,2003,g9,-25.2738853063909,193.04,136.0776,284.48
Jamie Collins,2013,g8,-2.6508225824545,190.5,113.398,353.06
Lauvale Sape,2003,g9,-22.7286333611369,187.96,134.716824,281.94
Willie Pile,2003,g7,17.33094899699,187.96,93.439952,317.5
Daniel Kilgore,2011,g9,-28.183303645876,190.5,139.706336,266.7
Erik Ezukanma,2022,g7,16.0103034247441,187.96,94.800728,320.04
Jon Cornish,2007,g8,19.1678585565021,180.34,93.439952,299.72
Cedric Griffin,2006,g7,21.6370617052386,182.88,90.264808,317.5
Ryan Moore,2007,g7,12.4885818987549,187.96,98.429464,279.4
Troy Kropog,2009,g9,-29.8481252096328,195.58,140.159928,254
John Crockett,2015,g8,13.713188271763,182.88,98.429464,317.5
Dan Bazuin,2007,g8,-9.69426563443285,190.5,120.655472,276.86
Treston DeCoud,2017,g7,17.33094899699,187.96,93.439952,294.64
Jordan Fuller,2020,g7,18.6515945692359,187.96,92.079176,309.88
Owamagbe Odighizuwa,2015,g8,-10.1344808251815,190.5,121.109064,322.58
Keyuo Craver,2002,g7,21.3689345102454,180.34,91.171992,312.42
D.J. Harper,2013,g8,18.191388975767,175.26,95.707912,304.8
Isaiah Johnson,2019,g7,16.4505186154927,187.96,94.347136,337.82
Gabriel Davis,2020,g7,12.9287970895035,187.96,97.975872,314.96
Dexter McCluster,2010,g7,35.3597814149642,175.26,78.017824,299.72
De'Vante Harris,2016,g7,32.3743142789615,180.34,79.832192,314.96
Cooper Carlisle,2000,g9,-24.565542920649,195.58,134.716824,254
Geoff Hangartner,2005,g9,-26.3264036836436,195.58,136.531192,261.62
Jarvion Franklin,2018,g8,4.64075726179677,180.34,108.408488,276.86
Maurice Purify,2008,g7,8.79477237701032,190.5,101.604608,297.18
Ryan Connelly,2019,g7,1.48320213003872,187.96,109.769264,299.72
Chad Jones,2010,g7,10.7277211357603,187.96,100.243832,292.1
Pete Lougheed,2003,g9,-25.8861884928949,195.58,136.0776,236.22
Dwayne Wright,2007,g8,9.48312436003189,180.34,103.418976,292.1
Rodney Smith,2013,g7,7.74225399975763,193.04,102.0582,304.8
Jordan Todman,2011,g8,21.7131105017561,175.26,92.079176,320.04
Kion Wilson,2010,g8,4.02845407529273,182.88,108.408488,312.42
Scooby Wright III,2016,g8,4.02845407529273,182.88,108.408488,287.02
Dennis Rogan,2010,g7,29.6369839352318,175.26,83.91452,299.72
Braxton Miller,2016,g7,20.1443281372373,185.42,91.171992,312.42
Tony Washington,2015,g8,-1.94248019671259,193.04,112.037224,279.4
Salesi Uhatafe,2018,g9,-30.2883404003814,195.58,140.61352,276.86
Sealver Siliga,2011,g9,-26.250354887126,187.96,138.34556,254
Mike McGlinchey,2018,g9,-31.6850347691449,203.2,140.159928,266.7
Aaron Walker,2003,g8,-5.36816252346391,198.12,114.305184,292.1
Audie Cole,2012,g8,-1.50226500596395,193.04,111.583632,289.56
Nate Williams,2011,g7,16.3544794162549,182.88,95.707912,289.56
Ivory McCoy,2002,g8,1.13902613852794,193.04,108.86208,287.02
T.J. Moe,2013,g7,20.0482889379994,180.34,92.532768,304.8
Andy Vincent,2000,g9,-27.9151764508828,193.04,138.799152,274.32
Brad Meester,2000,g9,-23.7811517383895,190.5,135.170416,279.4
Nate Burleson,2003,g7,22.5174920867359,182.88,89.357624,320.04
Tim Bulman,2005,g9,-22.0202909753949,190.5,133.356048,292.1
Rich Alexis,2004,g8,16.7946946070035,182.88,95.25432,289.56
Dominique Robinson,2022,g8,-5.19607452770852,195.58,114.758776,307.34
Quinton Carter,2011,g7,17.0628218019967,185.42,94.347136,307.34
Zack Wagenmann,2015,g8,-1.33017701020856,190.5,112.037224,276.86
Jason Spriggs,2016,g9,-26.9387068701476,198.12,136.531192,292.1
Grayland Arnold,2020,g7,29.1967687444831,175.26,84.368112,304.8
Marshall Newhouse,2010,g9,-33.6379739306152,193.04,144.695848,246.38
Brian Jackson,2010,g7,19.7041129464886,185.42,91.625584,304.8
Joshua Kalu,2018,g7,22.7856192817292,185.42,88.45044,340.36
Hjalte Froholdt,2019,g9,-28.5274796373868,195.58,138.799152,266.7
Jerome Lane,2017,g7,8.52664518201706,187.96,102.511792,317.5
Myron Pryor,2009,g9,-31.188761184599,182.88,144.695848,271.78
Mike Jackson,2019,g7,16.1823914204995,185.42,95.25432,330.2
Xzavier Dickson,2015,g8,-7.05297448994097,190.5,117.93392,254
C.J. Wilson,2007,g7,22.7856192817292,185.42,88.45044,322.58
Jamarca Sanford,2009,g7,16.258440217017,177.8,97.068688,294.64
Jon Bradley,2004,g9,-26.0782668913706,185.42,138.799152,264.16
Dunta Robinson,2004,g7,27.9721623714751,180.34,84.368112,304.8
Da'Norris Searcy,2011,g7,11.6842003137751,180.34,101.151016,304.8
Nick Steitz,2005,g9,-29.9441644088706,190.5,141.520704,251.46
Trevor Penning,2022,g9,-38.1161746346192,200.66,147.4174,281.94
Johnnie Morant,2004,g7,5.98139323676304,193.04,103.872568,330.2
Alec Ogletree,2013,g8,1.48320213003872,187.96,109.769264,309.88
Myles Garrett,2017,g8,-12.9478599654288,193.04,123.377024,325.12
Dee Milliner,2013,g7,20.7566313237413,182.88,91.171992,309.88
David Anderson,2006,g7,25.9431744134872,177.8,87.089664,294.64
DeVante Parker,2015,g7,15.39800023824,190.5,94.800728,317.5
Jarius Wright,2012,g7,30.3453263209737,177.8,82.553744,304.8
Johnny Thomas,2012,g7,19.7801617430062,177.8,93.439952,312.42
Alonzo Jackson,2003,g8,-10.3065688209369,193.04,120.655472,289.56
Matt Farmer,2000,g7,25.5989984219764,182.88,86.18248,274.32
J.R. Tavai,2015,g8,-1.59830420520181,187.96,112.944408,284.48
Jordan Jones,2019,g7,5.00492365602788,187.96,106.140528,312.42
Beanie Wells,2009,g8,5.17701165178327,185.42,106.59412,325.12
Shawn Oakman,2016,g8,-22.0003005726746,203.2,130.180904,312.42
James Jones,2007,g7,17.5030369927454,185.42,93.893544,302.26
Dennis Weathersby,2003,g7,18.8236825649913,185.42,92.532768,317.5
Paul Hogan,2001,g9,-20.2594302124004,190.5,131.54168,259.08
Cedrick Williams,2005,g7,36.5083389914547,177.8,76.203456,307.34
Paul Soliai,2007,g9,-44.6433536993313,193.04,156.035648,261.62
Quinten Rollins,2015,g7,24.0102256547372,180.34,88.45044,309.88
Jordan Thomas,2018,g7,27.359859184971,182.88,84.368112,314.96
Jesse Luketa,2022,g7,-3.97146815470044,190.5,114.758776,289.56
Tarell Brown,2007,g7,26.2113016084805,180.34,86.18248,281.94
Kenny King,2003,g8,-16.2974934956625,190.5,127.459352,289.56
Matt Paradis,2014,g9,-27.3028732643787,190.5,138.799152,261.62
Durham Smythe,2018,g8,-5.19607452770852,195.58,114.758776,279.4
Tony Terrell,2003,g9,-39.6288986053408,190.5,151.499728,238.76
Santonio Beard,2003,g8,11.5121123180197,182.88,100.697424,302.26
Taylor Mays,2010,g7,6.15348123251843,190.5,104.32616,317.5
Nathan Williams,2013,g8,1.31111413428333,190.5,109.315672,287.02
Randall Cobb,2011,g7,26.3833896042359,177.8,86.636072,292.1
Dan Santucci,2007,g9,-25.1017973106355,190.5,136.531192,259.08
Anthony Trucks,2006,g8,6.05744203328057,185.42,105.686936,317.5
Kavell Conner,2010,g8,2.7078085030468,182.88,109.769264,279.4
Dahrran Diedrick,2003,g8,8.87082117352785,182.88,103.418976,297.18
Donatella Luckett,2015,g7,16.3544794162549,182.88,95.707912,299.72
Larry Grant,2008,g8,5.17701165178327,185.42,106.59412,287.02
Kenny Golladay,2017,g7,10.8237603349982,193.04,98.883056,304.8
Charles Gaines,2015,g7,31.225756702471,177.8,81.64656,312.42
Matthew Butler,2022,g9,-23.9532397341449,193.04,134.716824,284.48
Derrick Baity,2019,g7,21.2928857137278,187.96,89.357624,322.58
Devon Torrence,2011,g7,21.6370617052386,182.88,90.264808,281.94
Nick Barnett,2003,g8,4.12449327453059,187.96,107.047712,312.42
Ryan Kelly,2016,g9,-30.116252404626,193.04,141.067112,261.62
Rakeem Nunez-Roches,2015,g9,-27.1307852686233,187.96,139.252744,289.56
Roger Lewis,2016,g7,20.7566313237413,182.88,91.171992,294.64
J.J. Taylor,2020,g8,32.0861966812479,165.1,83.91452,299.72
Jonathan Massaquoi,2012,g8,-8.20153206643152,187.96,119.748288,304.8
Mario Butler,2011,g7,29.1207199479656,182.88,82.553744,304.8
Brandon Kaufman,2013,g7,11.0918875299914,195.58,97.975872,292.1
DeMeco Ryans,2006,g8,4.73679646103463,185.42,107.047712,327.66
Shane Olivea,2004,g9,-25.5420125013841,190.5,136.984784,233.68
Barry Church,2010,g7,10.8998091315157,185.42,100.697424,307.34
Chase Winovich,2019,g8,-5.29211372694638,190.5,116.119552,294.64
Dontario Drummond,2022,g7,13.9813154667562,185.42,97.52228,309.88
Mike Jenkins,2008,g7,23.742098459744,177.8,89.357624,297.18
Sam Maxwell,2010,g8,-0.27765863295587,187.96,111.583632,274.32
Aaron Schobel,2001,g8,-8.98592324869095,193.04,119.294696,302.26
Justice Hill,2019,g8,23.3018832689953,177.8,89.811216,330.2
Christian Wilkins,2019,g8,-31.2648099811166,190.5,142.88148,271.78
Leonard Peters,2007,g7,16.1823914204995,185.42,95.25432,279.4
Matt Stankiewitch,2013,g9,-25.5420125013841,190.5,136.984784,233.68
Tim Cornett,2014,g8,17.2349097977521,182.88,94.800728,317.5
Dominique Barber,2008,g7,16.7946946070035,182.88,95.25432,297.18
Travis Feeney,2016,g8,5.54117804601439,193.04,104.32616,330.2
Devonte Fields,2017,g8,4.12449327453059,187.96,107.047712,314.96
Mike Martin,2012,g9,-26.0782668913706,185.42,138.799152,287.02
Zack Martin,2014,g9,-28.79560683238,193.04,139.706336,269.24
Dustin Waldron,2012,g9,-28.0872644466382,195.58,138.34556,261.62
Jalen Parmele,2008,g8,11.2439851230265,180.34,101.604608,317.5
Noah Spence,2016,g8,-2.47873458669911,187.96,113.851592,307.34
Anthony Walker Jr.,2017,g8,3.85636607953733,185.42,107.954896,294.64
Terrence Wheatley,2008,g7,28.1442503672304,177.8,84.821704,325.12
Durell Eskridge,2015,g7,15.8382154289887,190.5,94.347136,297.18
Richard Sherman,2011,g7,21.5610129087211,190.5,88.45044,317.5
DaVaris Daniels,2015,g7,20.1443281372373,185.42,91.171992,309.88
Danny Amendola,2008,g7,29.905111130225,177.8,83.007336,261.62
Collin Buchanan,2017,g9,-32.9296315448733,195.58,143.335072,246.38
Duke Riley,2017,g8,7.10996041053326,182.88,105.233344,309.88
Seyi Ajirotutu,2010,g7,17.5990761919832,190.5,92.532768,292.1
Quintin Demps,2008,g7,18.5555553699981,182.88,93.439952,279.4
Marquis Haynes,2018,g8,3.9524052787752,190.5,106.59412,312.42
Garrett Sickels,2017,g8,-7.49318968068962,190.5,118.387512,266.7
Manese Foketi,2013,g9,-33.8100619263706,195.58,144.242256,259.08
Jack Mewhort,2014,g9,-30.4604283961368,198.12,140.159928,256.54
Tim Carter,2002,g7,25.5989984219764,182.88,86.18248,320.04
Rashad Butler,2006,g9,-22.8046821576544,195.58,132.902456,269.24
D.J. Wonnum,2020,g8,-7.39715048145176,195.58,117.026736,312.42
Shamar Stephen,2014,g9,-29.8481252096328,195.58,140.159928,261.62
Brian Allen,2002,g8,19.0718193572643,175.26,94.800728,284.48
Breeland Speaks,2018,g9,-17.1779238771598,190.5,128.366536,279.4
Mike Goodson,2009,g8,17.6751249885008,182.88,94.347136,299.72
Jason Gavadza,2000,g8,-2.21060739170585,190.5,112.944408,287.02
Aaron Mellette,2013,g7,12.4885818987549,187.96,98.429464,312.42
LaRon Landry,2007,g7,15.4740490347576,182.88,96.615096,312.42
Nate Orchard,2015,g8,-2.6508225824545,190.5,113.398,292.1
Henry Anderson,2015,g8,-23.8572005349071,198.12,133.356048,281.94
Brandon Williams,2009,g8,-6.88088649418558,187.96,118.387512,284.48
Noah Herron,2005,g8,11.2439851230265,180.34,101.604608,274.32
Louis Holmes,2008,g8,-8.98592324869095,193.04,119.294696,307.34
Zach Quaccia,2002,g9,-29.2358220231287,193.04,140.159928,236.22
Stephon Gilmore,2012,g7,25.5989984219764,182.88,86.18248,312.42
Micheal Clemons,2022,g8,-9.59822643519499,195.58,119.294696,294.64
Reese Dismukes,2015,g9,-22.9007213568922,190.5,134.263232,271.78
Corey Crawford,2015,g8,-25.4459733021463,195.58,135.624008,279.4
Calais Campbell,2008,g8,-23.3209461449206,203.2,131.54168,281.94
Aaron Parker,2020,g7,16.0103034247441,187.96,94.800728,284.48
Chilo Rachal,2008,g9,-32.4894163541246,195.58,142.88148,274.32
Josiah Coatney,2020,g8,-28.183303645876,190.5,139.706336,251.46
John Engelberger,2000,g8,-7.66527767644501,193.04,117.93392,292.1
Josh Boyce,2013,g7,19.1678585565021,180.34,93.439952,332.74
Alexander Mattison,2019,g8,12.5646306952724,180.34,100.243832,322.58
Dorian Smith,2008,g8,-7.58922887992748,185.42,119.748288,266.7
Justin Forsett,2008,g8,26.287350404998,172.72,87.996848,284.48
Keenan Burton,2008,g7,20.7566313237413,182.88,91.171992,317.5
Tyrone McKenzie,2009,g8,1.04298693929007,187.96,110.222856,284.48
Jeremy Sprinkle,2017,g8,-4.75585933695987,195.58,114.305184,294.64
Timmy Jernigan,2014,g9,-23.6090637426342,187.96,135.624008,259.08
Brandon Marshall,2006,g7,5.98139323676304,193.04,103.872568,304.8
Lewis Sanders,2000,g7,20.3164161329927,182.88,91.625584,294.64
Matt Hill,2002,g9,-26.498491679399,198.12,136.0776,256.54
Jermaine Gresham,2010,g8,-8.7177960536977,195.58,118.387512,287.02
Javon Green,2001,g7,15.7421762297508,185.42,95.707912,287.02
Sam Wilder,2005,g9,-25.0057581113976,195.58,135.170416,259.08
Raekwon Davis,2020,g8,-31.3408587776341,198.12,141.067112,281.94
Trenton Thompson,2018,g9,-19.9913030174071,193.04,130.634496,281.94
Ben Grubbs,2007,g9,-29.503949218122,190.5,141.067112,261.62
Taywan Taylor,2017,g7,20.4885041287481,180.34,92.079176,335.28
Jamal Davis,2019,g8,0.430683752786034,190.5,110.222856,309.88
Austin Jackson,2020,g9,-35.5709226893652,195.58,146.056624,292.1
Trey McBride,2022,g8,-1.50226500596395,193.04,111.583632,297.18
Jonas Jennings,2001,g9,-40.2412017918449,193.04,151.499728,259.08
Lendy Holmes,2009,g7,18.5555553699981,182.88,93.439952,284.48
Lynden Trail,2015,g8,-13.464123952695,200.66,122.016248,297.18
Ugo Amadi,2019,g7,23.4739712647507,175.26,90.264808,292.1
Brandon Linder,2014,g9,-31.3408587776341,198.12,141.067112,254
Harvey Langi,2017,g8,-2.47873458669911,187.96,113.851592,299.72
Arik Armstead,2015,g8,-23.5890733399138,200.66,132.448864,297.18
Corey Levin,2017,g9,-28.3553916416314,193.04,139.252744,269.24
Luke Fortner,2022,g9,-28.3553916416314,193.04,139.252744,259.08
Zedrick Woods,2019,g7,19.6080737472508,180.34,92.98636,309.88
Shaheer McBride,2008,g7,18.3834673742427,185.42,92.98636,284.48
Jalen Myrick,2017,g7,22.421452887498,177.8,90.7184,314.96
Isaiah Burse,2014,g7,27.7040351764818,177.8,85.275296,292.1
James Starks,2010,g8,12.0483667080062,187.96,98.883056,302.26
Ryan Nall,2018,g8,5.88535403752518,187.96,105.233344,309.88
Joshua Perry,2016,g8,-5.02398653195312,193.04,115.212368,314.96
Brian Hartline,2009,g7,22.1733160952251,187.96,88.45044,304.8
Parris Campbell,2019,g7,18.9957705607467,182.88,92.98636,342.9
Tahir Whitehead,2012,g8,6.05744203328057,185.42,105.686936,314.96
Darius Slay,2013,g7,24.7185680404791,182.88,87.089664,314.96
Dre Greenlaw,2019,g7,5.52118764329406,180.34,107.501304,297.18
Vance Cuff,2011,g7,32.1061870839683,177.8,80.739376,304.8
Albert Means,2005,g9,-33.1977587398665,193.04,144.242256,243.84
Roberto Garza,2001,g9,-25.3699245056287,187.96,137.438376,289.56
Zebrie Sanders,2012,g9,-35.3027954943719,198.12,145.14944,254
Bradlee Anae,2020,g8,-5.73232891769503,190.5,116.573144,292.1
Kendall Reyes,2012,g9,-24.8336701156422,193.04,135.624008,287.02
Chad Clifton,2000,g9,-40.8535049783489,195.58,151.499728,259.08
Riley Reiff,2012,g9,-32.2212891591314,198.12,141.974296,248.92
Ian Johnson,2009,g8,16.5265674120102,180.34,96.161504,294.64
Cliff Avril,2008,g8,-3.97146815470044,190.5,114.758776,297.18
Tyreo Harrison,2002,g8,3.24406289303329,187.96,107.954896,299.72
Andre Lott,2002,g7,25.0627440319899,177.8,87.996848,302.26
Lucas Nix,2012,g9,-33.3698467356219,195.58,143.788664,259.08
Tyler Jones,2019,g9,-27.3028732643787,190.5,138.799152,281.94
Justin Cole,2010,g8,0.870898943534681,190.5,109.769264,297.18
James Cowser,2016,g8,-1.7703922009572,190.5,112.490816,281.94
Christian Kirk,2018,g7,21.9812376967494,177.8,91.171992,292.1
Jovan Haye,2005,g8,-17.0058358814045,187.96,128.820128,279.4
Eric Frampton,2007,g7,20.0482889379994,180.34,92.532768,309.88
Cliff Harris,2012,g7,32.8145294697102,180.34,79.3786,299.72
Brandon Williams,2013,g9,-38.8445074230814,185.42,151.95332,259.08
Rashad Baker,2004,g7,20.6605921245034,177.8,92.532768,297.18
Jaymar Johnson,2008,g7,31.9340990882129,180.34,80.285784,299.72
Dan Connolly,2005,g9,-30.116252404626,193.04,141.067112,274.32
Rocky Bernard,2002,g9,-22.0202909753949,190.5,133.356048,274.32
Sir Henry Anderson,2006,g9,-27.9151764508828,193.04,138.799152,254
Omar Gaither,2006,g8,5.61722684253192,185.42,106.140528,294.64
Jonathan Holland,2007,g7,25.1587832312278,182.88,86.636072,304.8
Jimmy Verdon,2005,g8,-15.8572783049139,190.5,127.00576,266.7
Justin McKinney,2008,g7,28.3163383629858,175.26,85.275296,276.86
Will Fuller,2016,g7,27.359859184971,182.88,84.368112,320.04
Rey Maualuga,2009,g8,-1.59830420520181,187.96,112.944408,210.82
Matt Asiata,2011,g8,9.04290916928324,180.34,103.872568,264.16
Perry Riley,2010,g8,3.41615088878869,185.42,108.408488,302.26
Brian Cushing,2009,g8,0.430683752786034,190.5,110.222856,304.8
D'Qwell Jackson,2006,g8,7.99039079203056,182.88,104.32616,294.64
Alex Highsmith,2020,g8,-1.7703922009572,190.5,112.490816,317.5
Josh Ferguson,2016,g8,23.9141864554994,175.26,89.811216,304.8
Terrence Robinson,2003,g8,3.5882388845441,182.88,108.86208,294.64
Billy Brown,2017,g8,-4.41168334544909,190.5,115.212368,299.72
Ronney Daniels,2001,g7,15.3019610390022,185.42,96.161504,299.72
Terrance Knighton,2009,g9,-33.9061011256084,190.5,145.603032,261.62
Jake Ryan,2015,g8,2.36363251153601,187.96,108.86208,304.8
Terrell Manning,2012,g8,3.68427808378194,187.96,107.501304,289.56
Arden Key,2018,g8,0.794850147017134,198.12,107.954896,297.18
Max Jean-Gilles,2006,g9,-49.4857207975664,193.04,161.02516,241.3
Rhett Ellison,2012,g8,-4.31564414621123,195.58,113.851592,276.86
Tony Pape,2004,g9,-36.6234410666178,198.12,146.510216,246.38
Johnathan Abram,2019,g7,19.6080737472508,180.34,92.98636,294.64
Ty Fryfogle,2022,g7,18.8236825649913,185.42,92.532768,322.58
Artis Hicks,2002,g9,-26.5945308786368,193.04,137.438376,264.16
Sam Acho,2011,g8,-7.32110168493423,187.96,118.841104,284.48
D'Aundre Reed,2011,g8,-8.10549286719365,193.04,118.387512,302.26
Lee Mays,2002,g7,24.9866952354724,185.42,86.18248,302.26
Kendall Langford,2008,g8,-20.1633910131625,195.58,130.180904,289.56
Coy Wire,2002,g7,17.2349097977521,182.88,94.800728,304.8
Andrew Quarless,2010,g8,-5.02398653195312,193.04,115.212368,284.48
C.J. Mosley,2005,g9,-30.2122916038639,187.96,142.427888,254
Willie Beavers,2016,g9,-35.1307074986165,195.58,145.603032,261.62
Courtland Bullard,2002,g8,4.39262046952384,190.5,106.140528,312.42
Jordan Black,2003,g9,-32.66150434988,198.12,142.427888,269.24
Emmanuel Butler,2019,g7,11.8762787122508,190.5,98.429464,292.1
Scotty Anderson,2001,g7,27.0156831934602,187.96,83.460928,292.1
George Foster,2003,g9,-42.6143657413435,195.58,153.314096,254
Steve Schilling,2011,g9,-28.79560683238,193.04,139.706336,248.92
Trey Quinn,2018,g7,20.4885041287481,180.34,92.079176,294.64
Chauncey Davis,2005,g8,-12.1634687831693,187.96,123.830616,299.72
John Brown,2014,g7,31.6659718932196,177.8,81.192968,302.26
James Wyche,2006,g8,-9.15801124444635,195.58,118.841104,294.64
Kynan Forney,2001,g9,-29.3318612223666,187.96,141.520704,246.38
Yawin Smallwood,2014,g8,-0.27765863295587,187.96,111.583632,274.32
Marviel Underwood,2005,g7,20.2203769337548,177.8,92.98636,299.72
Ikem Ekwonu,2022,g9,-29.6760372138773,193.04,140.61352,274.32
Michael Lehan,2003,g7,22.9577072774845,182.88,88.904032,302.26
John Wendling,2007,g7,10.8998091315157,185.42,100.697424,327.66
Dwayne Gratz,2013,g7,21.3689345102454,180.34,91.171992,317.5
Menelik Watson,2013,g9,-30.2883404003814,195.58,140.61352,261.62
Andy Levitre,2009,g9,-26.8626580736301,190.5,138.34556,261.62
Joshua Kelley,2020,g8,16.5265674120102,180.34,96.161504,307.34
Kelvin Hayden,2005,g7,23.742098459744,177.8,89.357624,281.94
Dorian Johnson,2017,g9,-25.8861884928949,195.58,136.0776,289.56
Andre Frazier,2005,g8,3.16801409651576,195.58,106.140528,314.96
Dustin Rykert,2003,g9,-38.3843018296124,198.12,148.324584,233.68
Joseph Addai,2006,g8,15.6461370305129,180.34,97.068688,317.5
Howard Jones,2014,g8,4.56470846527924,187.96,106.59412,314.96
A.Q. Shipley,2009,g9,-25.1978365098733,185.42,137.891968,254
Dan Curley,2003,g8,-5.02398653195312,193.04,115.212368,299.72
Terrence Frederick,2012,g7,28.1442503672304,177.8,84.821704,307.34
Montee Ball,2013,g8,16.258440217017,177.8,97.068688,299.72
Tyrone Crawford,2012,g8,-14.2685055376747,193.04,124.7378,287.02
Kalen Ballage,2018,g8,8.2585179870238,185.42,103.418976,309.88
Jake Matthews,2014,g9,-29.4079100188841,195.58,139.706336,266.7
Nick Kasa,2013,g8,-12.8518207661909,198.12,122.016248,287.02
Austin Franklin,2014,g7,26.6515167992291,180.34,85.728888,314.96
Emmett Johnson,2002,g7,17.7711641877386,187.96,92.98636,309.88
Vinny Curry,2012,g8,-9.69426563443285,190.5,120.655472,279.4
John Phillips,2009,g8,-4.31564414621123,195.58,113.851592,284.48
Michael Rector,2017,g7,24.2783528497305,182.88,87.543256,327.66
Jerry DeLoach,2000,g9,-30.8245947903679,190.5,142.427888,256.54
Chris Kelsay,2003,g8,-13.3880751561774,193.04,123.830616,307.34
Cory Boyd,2008,g8,15.4740490347576,182.88,96.615096,299.72
Alex McCalister,2016,g8,0.354634956268487,198.12,108.408488,325.12
Todd Williams,2003,g9,-43.4947961228408,195.58,154.22128,274.32
Connor McGovern,2016,g9,-27.9151764508828,193.04,138.799152,276.86
James Bradberry,2016,g7,15.7421762297508,185.42,95.707912,314.96
Kingsley Enagbare,2022,g8,-6.78484729494771,193.04,117.026736,297.18
Morris Claiborne,2012,g7,27.0917319899778,180.34,85.275296,299.72
Sheldon Richardson,2013,g9,-21.4079877888909,187.96,133.356048,294.64
Devante Bond,2016,g8,5.17701165178327,185.42,106.59412,307.34
Leonard Hankerson,2011,g7,16.6226066112481,185.42,94.800728,297.18
Bobby Okereke,2019,g7,3.41615088878869,185.42,108.408488,309.88
Isiah Pacheco,2022,g8,15.3780098355197,177.8,97.975872,299.72
Barry Cofield,2006,g9,-27.0347460693855,193.04,137.891968,266.7
Tenny Palepoi,2014,g9,-22.5565453653815,185.42,135.170416,281.94
Hakeem Butler,2019,g7,6.24952043175629,195.58,102.965384,325.12
Greg Schindler,2003,g9,-28.9676948281355,195.58,139.252744,238.76
Jeremiah Johnson,2009,g8,19.0718193572643,175.26,94.800728,292.1
Lamarr Houston,2010,g9,-26.8626580736301,190.5,138.34556,289.56
Jordan Hicks,2015,g8,4.73679646103463,185.42,107.047712,314.96
Marcus Easley,2010,g7,14.9577850474914,190.5,95.25432,312.42
LeKevin Smith,2006,g9,-31.7050251718652,190.5,143.335072,276.86
Trevardo Williams,2013,g8,2.5357205072914,185.42,109.315672,314.96
Cameron Clear,2015,g9,-15.761239105676,195.58,125.644984,274.32
Trenton Robinson,2012,g7,24.6225288412413,177.8,88.45044,317.5
Tyler King,2005,g8,-13.1199479611842,195.58,122.923432,299.72
Jarret Johnson,2003,g9,-17.6181390679085,190.5,128.820128,271.78
Justin Tryon,2008,g7,27.4359079814886,175.26,86.18248,302.26
Johnny Johnson III,2022,g7,22.5174920867359,182.88,89.357624,307.34
Bobby Blizzard,2004,g8,-10.3065688209369,193.04,120.655472,259.08
Andrew Whitworth,2006,g9,-42.078111351357,200.66,151.499728,284.48
Christine Michael,2013,g8,13.6171490725251,177.8,99.79024,317.5
DaVon Hamilton,2020,g8,-34.0781891213638,193.04,145.14944,259.08
Tyler Gaffney,2014,g8,13.0048458860211,180.34,99.79024,294.64
Joel Iyiegbuniwe,2018,g7,7.81830279627516,185.42,103.872568,297.18
Terence Steele,2020,g9,-31.7810739683827,198.12,141.520704,269.24
Mario Henderson,2007,g9,-27.3789220608962,198.12,136.984784,276.86
Leonard Johnson,2012,g7,24.1823136504926,177.8,88.904032,304.8
Marcus Maxey,2006,g7,21.4649737094832,185.42,89.811216,327.66
Trishton Jackson,2020,g7,21.9051889002319,185.42,89.357624,297.18
Zeke Motta,2013,g7,14.2494426617495,187.96,96.615096,320.04
Lee Evans,2004,g7,23.1297952732399,180.34,89.357624,304.8
Anthony Herron,2001,g8,-15.8572783049139,190.5,127.00576,289.56
Corey Atkins,2000,g8,4.90888445679002,182.88,107.501304,284.48
Mike Degory,2006,g9,-28.0872644466382,195.58,138.34556,248.92
Roc Alexander,2004,g7,28.4123775622237,180.34,83.91452,317.5
Stephone Anthony,2015,g8,0.430683752786034,190.5,110.222856,309.88
Pete McMahon,2005,g9,-40.4893385841178,203.2,149.231768,233.68
Anthony Alridge,2008,g8,36.2402117964615,175.26,77.11064,340.36
Charles Tapper,2016,g8,-11.8953415881761,190.5,122.923432,302.26
Kenny Clark,2001,g7,9.57916355926975,185.42,102.0582,307.34
Kevin Curtis,2002,g7,14.6896578524981,187.96,96.161504,314.96
Ryan Grant,2014,g7,21.6370617052386,182.88,90.264808,302.26
