Player,ano,GPos3CONE,cp1,altura,peso,3Cone
Eric Page,2012,g12,29.1967687444831,175.26,84.368112,6.95
Virgil Green,2011,g11,-2.21060739170585,190.5,112.944408,6.9
Evan Royster,2011,g11,15.9142642255062,182.88,96.161504,7.07
David Irons,2007,g12,26.8236047949845,177.8,86.18248,7.18
Shay Hodge,2010,g12,16.6226066112481,185.42,94.800728,6.9
Avery Williamson,2014,g11,0.334644553548169,185.42,111.583632,7.11
Cedric Humes,2006,g11,8.69873317777245,185.42,102.965384,7.07
Kevin Peterson,2016,g12,30.7855415117223,177.8,82.100152,6.94
Titus Adams,2006,g10,-27.3028732643787,190.5,138.799152,7.49
Danny Watkins,2011,g10,-29.0637340273733,190.5,140.61352,7.61
Dante Fowler,2015,g11,-7.49318968068962,190.5,118.387512,7.4
Audie Cole,2012,g11,-1.50226500596395,193.04,111.583632,6.96
Lance Kendricks,2011,g11,0.430683752786034,190.5,110.222856,6.94
Spencer Drango,2016,g10,-33.1017195406287,198.12,142.88148,7.88
C.J. Gaddis,2007,g12,20.4885041287481,180.34,92.079176,7.28
Chad Clifton,2000,g10,-40.8535049783489,195.58,151.499728,7.58
Maurkice Pouncey,2010,g10,-27.0347460693855,193.04,137.891968,7.74
Mario Henderson,2007,g10,-27.3789220608962,198.12,136.984784,7.6
Mason Foster,2011,g11,0.774859744296816,185.42,111.13004,7.14
Brian Allen,2002,g11,19.0718193572643,175.26,94.800728,6.9
Cory Harkey,2012,g11,-7.66527767644501,193.04,117.93392,7.4
Chris Cooley,2004,g11,-9.25405044368421,190.5,120.20188,7.21
Colby Parkinson,2020,g11,-5.98046570996795,200.66,114.305184,7.15
Andrew Datko,2012,g10,-33.1017195406287,198.12,142.88148,7.71
Scott Shanle,2003,g11,0.162556557792777,187.96,111.13004,7.27
Derek Wolfe,2012,g10,-23.6851125391517,195.58,133.80964,7.26
Harrison Phillips,2018,g10,-28.3553916416314,193.04,139.252744,7.28
Jared Abbrederis,2014,g12,22.7856192817292,185.42,88.45044,6.8
Terna Nande,2006,g11,7.10996041053326,182.88,105.233344,6.97
Trevin Wade,2012,g12,25.9431744134872,177.8,87.089664,6.87
Mike Goodson,2009,g11,17.6751249885008,182.88,94.347136,6.89
D.J. Cooper,2000,g10,-14.536632732668,190.5,125.644984,7.41
Noah Spence,2016,g11,-2.47873458669911,187.96,113.851592,7.21
Lorne Sam,2008,g12,11.1679363265089,187.96,99.79024,7.11
Jonas Mouton,2011,g11,3.41615088878869,185.42,108.408488,7.08
Curtis Gatewood,2008,g11,-1.15808901445316,187.96,112.490816,6.9
Chris Houston,2007,g12,29.0246807487277,177.8,83.91452,6.94
Maurice Brown,2004,g12,12.8327578902657,182.88,99.336648,7.38
Paul McQuistan,2006,g10,-31.7810739683827,198.12,141.520704,7.72
Jayron Kearse,2016,g12,11.7041907164955,193.04,97.975872,7.06
Zach Miller,2007,g11,-5.90441691345042,193.04,116.119552,7.01
Lee Mays,2002,g12,24.9866952354724,185.42,86.18248,7.08
Matt Hennessy,2020,g10,-28.3553916416314,193.04,139.252744,7.45
Tony Bergstrom,2012,g10,-31.6089859726273,195.58,141.974296,7.95
Gabe Ikard,2014,g10,-27.0347460693855,193.04,137.891968,7.3
Larry Birdine,2007,g11,-8.10549286719365,193.04,118.387512,7.47
Jason Ball,2002,g10,-24.4894941241315,187.96,136.531192,7.87
Gabe Jackson,2014,g10,-40.5093289868381,190.5,152.406912,8.25
Rashad Jennings,2009,g11,6.93787241477786,185.42,104.779752,6.86
Blaise Andries,2022,g10,-30.0202132053881,198.12,139.706336,7.84
Corey Liuget,2011,g10,-23.1688485518855,187.96,135.170416,7.48
James Starks,2010,g11,12.0483667080062,187.96,98.883056,6.89
Nathan Williams,2013,g11,1.31111413428333,190.5,109.315672,6.99
Kyle Vanden Bosch,2001,g11,-12.0674295839315,193.04,122.46984,6.82
Allen Bradford,2011,g11,3.32011168955084,180.34,109.769264,6.97
Pearce Slater,2016,g10,-39.8770353976137,200.66,149.231768,8.36
Julius Wilson,2007,g10,-37.1596954566043,193.04,148.324584,8.33
Tyler Polumbus,2008,g10,-32.3933771548868,200.66,141.520704,7.71
Jordan Beck,2005,g11,5.44513884677653,187.96,105.686936,7.11
Travis Swanson,2014,g10,-31.1687707818787,195.58,141.520704,7.73
Steve Schilling,2011,g10,-28.79560683238,193.04,139.706336,7.73
Eno Benjamin,2020,g11,19.9522497387616,175.26,93.893544,6.97
Andre Williams,2014,g11,8.60269397853459,180.34,104.32616,7.27
Garrett Reynolds,2009,g10,-31.6850347691449,203.2,140.159928,7.87
Jarvis Green,2002,g11,-12.3355567789247,190.5,123.377024,7.52
Jahvid Best,2010,g11,22.8616680782467,177.8,90.264808,6.75
Jerel Worthy,2012,g10,-27.571000459372,187.96,139.706336,7.6
Morris Claiborne,2012,g12,27.0917319899778,180.34,85.275296,7.01
Reed Doughty,2006,g12,17.2349097977521,182.88,94.800728,6.66
B.J. Goodson,2016,g11,2.09550531654276,185.42,109.769264,7.05
Cody Barton,2019,g11,3.68427808378194,187.96,107.501304,6.9
Justice Cunningham,2013,g11,-6.17254410844367,190.5,117.026736,7.12
AJ Dillon,2020,g11,0.506732549303566,182.88,112.037224,7.19
Michael Oher,2009,g10,-29.2358220231287,193.04,140.159928,7.81
Kendrick Clancy,2000,g10,-15.9533175041518,185.42,128.366536,7.98
Jarvis Jenkins,2011,g10,-29.6760372138773,193.04,140.61352,7.42
Chris Henry,2007,g11,8.60269397853459,180.34,104.32616,6.96
Montrae Holland,2003,g10,-37.9640770415841,185.42,151.046136,8.46
Eddie Royal,2008,g12,29.4648959394764,177.8,83.460928,7.07
Robert Herron,2014,g12,26.1152624092426,175.26,87.543256,6.84
Jonathan Jones,2016,g12,29.1967687444831,175.26,84.368112,7.25
Scott Young,2005,g10,-30.5564675953746,193.04,141.520704,7.46
Adam Grant,2011,g10,-37.5038714481151,198.12,147.4174,8.25
Alterraun Verner,2010,g12,27.2638199857332,177.8,85.728888,6.7
Jahri Evans,2006,g10,-32.3173283583692,193.04,143.335072,7.97
David Wilson,2012,g11,19.7801617430062,177.8,93.439952,7.09
Antwan Peek,2003,g11,-0.889961819459908,190.5,111.583632,7.07
Henry Josey,2014,g11,26.287350404998,172.72,87.996848,7.07
Tedric Thompson,2017,g12,19.4359857514954,182.88,92.532768,7.11
Ladarius Gunter,2015,g12,19.7041129464886,185.42,91.625584,7.18
Reggie Austin,2000,g12,34.0391358427183,175.26,79.3786,7.03
Zach Thomas,2022,g10,-29.4079100188841,195.58,139.706336,7.4
Morgan Trent,2009,g12,23.6660496632264,185.42,87.543256,7.05
Darell Scott,2009,g10,-29.9441644088706,190.5,141.520704,8.28
Leonard Henry,2002,g11,17.943252183494,185.42,93.439952,7.11
Tony Pape,2004,g10,-36.6234410666178,198.12,146.510216,8.01
Nevelle Clarke,2020,g12,24.9866952354724,185.42,86.18248,6.88
Matt Peart,2020,g10,-35.0346682993786,200.66,144.242256,8.01
Rishard Matthews,2012,g12,13.713188271763,182.88,98.429464,6.88
Jadeveon Clowney,2014,g11,-10.9188720074409,195.58,120.655472,7.27
Justin Reid,2018,g12,18.8236825649913,185.42,92.532768,6.65
DaQuan Jones,2014,g10,-34.9586195028611,193.04,146.056624,7.73
Cassius Marsh,2014,g11,-4.14355615045583,193.04,114.305184,7.08
Ross Blacklock,2020,g10,-20.2594302124004,190.5,131.54168,7.77
Kaulana Noa,2000,g10,-32.7575435491179,193.04,143.788664,7.82
Gaines Adams,2007,g11,-7.39715048145176,195.58,117.026736,7.17
Jarvis Harrison,2015,g10,-38.4803410288503,193.04,149.68536,7.51
Joshua Kelley,2020,g11,16.5265674120102,180.34,96.161504,6.95
Todd Blythe,2008,g12,11.9723179114887,195.58,97.068688,6.92
Chris Bell,2010,g12,15.1298730432468,187.96,95.707912,6.76
Vontez Duff,2004,g12,20.4885041287481,180.34,92.079176,6.94
Drew Sample,2019,g11,-6.07650490920582,195.58,115.66596,7.15
Evan Boehm,2016,g10,-24.9297093148801,187.96,136.984784,7.52
Blair Phillips,2007,g11,1.65529012579411,185.42,110.222856,7.01
A.J. Hawk,2006,g11,-0.545785827949126,185.42,112.490816,6.82
Za'Darius Smith,2015,g11,-13.8282903469261,193.04,124.284208,7.42
Darnell Bing,2006,g12,8.08642999126841,187.96,102.965384,7.25
Joe Klopfenstein,2006,g11,-6.68880809570985,198.12,115.66596,7.39
Taiwan Jones,2015,g11,-0.449746628711261,190.5,111.13004,7.25
Jeff King,2006,g11,-1.67435300171934,195.58,111.13004,6.99
John Howell,2001,g12,19.4359857514954,182.88,92.532768,6.87
David Fluellen,2014,g11,11.2439851230265,180.34,101.604608,6.9
Darren Davis,2000,g11,28.4884263587412,172.72,85.728888,7.04
Donnie O'Neal,2002,g12,24.5464800447237,185.42,86.636072,6.9
Chad Ward,2001,g10,-34.5184043121124,193.04,145.603032,7.98
Jason Strowbridge,2020,g10,-14.2685055376747,193.04,124.7378,7.45
Rashan Gary,2019,g10,-15.148935919172,193.04,125.644984,7.26
Marquess Wilson,2013,g12,22.0012280994697,190.5,87.996848,6.65
Avery Gennesy,2017,g10,-32.5854555533625,190.5,144.242256,8.08
Philip Lutzenkirchen,2013,g11,-6.17254410844367,190.5,117.026736,7.15
Geneo Grissom,2015,g11,-7.93340487143826,190.5,118.841104,7.24
Demarcus Dobbs,2011,g11,-15.6851903091585,187.96,127.459352,7.22
Nick Collins,2005,g12,19.1678585565021,180.34,93.439952,6.94
Jason Kelce,2011,g10,-15.8572783049139,190.5,127.00576,7.22
Chilo Rachal,2008,g10,-32.4894163541246,195.58,142.88148,8.01
Garrett Bradbury,2019,g10,-27.3028732643787,190.5,138.799152,7.41
Josh Robinson,2012,g12,22.8616680782467,177.8,90.264808,6.55
Kris Wilson,2004,g11,-1.15808901445316,187.96,112.490816,6.88
Ugo Chinasa,2011,g11,-10.0384416259436,195.58,119.748288,7.07
Anthony Gonzalez,2007,g12,24.2783528497305,182.88,87.543256,6.54
Trevor Gaylor,2000,g12,19.8001521457265,190.5,90.264808,7.03
Chad Johnson,2001,g12,24.1062648539751,185.42,87.089664,7.51
Jalin Marshall,2016,g12,22.421452887498,177.8,90.7184,6.8
Quincy Adeboyejo,2017,g12,20.6805825272238,190.5,89.357624,6.73
Andy Isabella,2019,g12,28.3163383629858,175.26,85.275296,6.95
C.J. Wilson,2007,g12,22.7856192817292,185.42,88.45044,6.81
Vincent Taylor,2017,g10,-26.4224428828814,190.5,137.891968,7.58
Khalid Wooten,2013,g12,17.4069977935075,180.34,95.25432,6.95
Kader Drame,2006,g10,-21.4840365854084,195.58,131.54168,8.12
Hunter Sharp,2016,g12,22.6895800824913,180.34,89.811216,7.12
Sharrif Floyd,2013,g10,-23.3409365476409,190.5,134.716824,7.4
Orlando Brown,2018,g10,-47.5327816360961,203.2,156.48924,7.87
Quintin Williams,2004,g12,18.7276433657535,180.34,93.893544,7.28
Conner Vernon,2013,g12,22.9577072774845,182.88,88.904032,6.93
Joel Heath,2016,g10,-22.8046821576544,195.58,132.902456,7.44
Andre Chachere,2018,g12,21.19684651449,182.88,90.7184,6.78
Stephen Nicholas,2007,g11,6.49765722402922,185.42,105.233344,7.29
Samuel Lightbody,2005,g10,-37.5799202446327,205.74,145.603032,7.95
Ryan Mathews,2010,g11,13.2729730810143,182.88,98.883056,7
Doug Gabriel,2003,g12,14.2494426617495,187.96,96.615096,7.05
Destry Wright,2000,g11,14.7657066490157,180.34,97.975872,7.15
Scott Fujita,2002,g11,-2.99499857396529,195.58,112.490816,7.09
Shea McClellin,2012,g11,-7.05297448994097,190.5,117.93392,7.07
Rahim Alem,2010,g11,-3.09103777320314,190.5,113.851592,7.54
Adam Kieft,2005,g10,-43.3987569236029,200.66,152.860504,7.78
Luke Fortner,2022,g10,-28.3553916416314,193.04,139.252744,7.75
Alex Cappa,2018,g10,-28.6995676331422,198.12,138.34556,8.04
Myles Gaskin,2019,g11,20.8326801202588,175.26,92.98636,7.19
Dan Gay,2009,g10,-28.79560683238,193.04,139.706336,8.67
Shawn Draper,2001,g10,-25.9822276921328,190.5,137.438376,8.1
Jace Sayler,2001,g10,-23.244897348403,195.58,133.356048,7.81
Micah Kiser,2018,g11,3.24406289303329,187.96,107.954896,7.05
Marviel Underwood,2005,g12,20.2203769337548,177.8,92.98636,7.12
Rannell Hall,2015,g12,22.0772768959873,182.88,89.811216,6.86
Julian Vandervelde,2011,g10,-24.4894941241315,187.96,136.531192,7.46
Darrell Campbell,2004,g10,-26.1543156878882,193.04,136.984784,7.63
Louis Williams,2001,g10,-24.8336701156422,193.04,135.624008,7.86
Buster Davis,2007,g11,5.86536363480485,175.26,108.408488,7.28
Cedric Pittman,2000,g11,-7.49318968068962,190.5,118.387512,7.75
Kelvin Hayden,2005,g12,23.742098459744,177.8,89.357624,6.87
D'Juan Woods,2007,g12,17.6751249885008,182.88,94.347136,6.89
Keanu Neal,2016,g12,16.3544794162549,182.88,95.707912,7.09
Shane Olivea,2004,g10,-25.5420125013841,190.5,136.984784,8.25
Chris Cooper,2001,g11,-13.5601631519328,195.58,123.377024,7.12
Brian Cushing,2009,g11,0.430683752786034,190.5,110.222856,6.84
Paul Posluszny,2007,g11,3.24406289303329,187.96,107.954896,6.94
Dezmon Briscoe,2010,g12,16.8907338062413,187.96,93.893544,7.1
Margus Hunt,2013,g11,-17.5981486651882,203.2,125.644984,7.07
Nate Swift,2009,g12,19.26389775574,185.42,92.079176,6.78
Wyatt Teller,2018,g10,-31.4368979768719,193.04,142.427888,7.45
Emile White,2001,g12,12.8327578902657,182.88,99.336648,7.26
Dahrran Diedrick,2003,g11,8.87082117352785,182.88,103.418976,7.32
Marvin Philip,2006,g10,-26.5184820821193,185.42,139.252744,7.85
Greg Orton,2009,g12,16.2784306197373,190.5,93.893544,6.9
Justin Rogers,2011,g12,31.225756702471,177.8,81.64656,7.21
Joshua Miles,2019,g10,-32.049201163376,195.58,142.427888,8.07
Luke Kuechly,2012,g11,0.870898943534681,190.5,109.769264,6.92
Xavier Su'a-Filo,2014,g10,-28.3553916416314,193.04,139.252744,7.6
Jordan Najvar,2014,g11,-7.1290232864585,198.12,116.119552,7.14
Aldrick Robinson,2011,g12,29.4648959394764,177.8,83.460928,6.65
Terrence Frederick,2012,g12,28.1442503672304,177.8,84.821704,6.59
Rick Sherrod,2002,g12,23.4939616674711,187.96,87.089664,7.09
Derrick Ross,2006,g11,10.9758579280332,177.8,102.511792,7
Marshall Williams,2011,g12,25.8671256169697,185.42,85.275296,6.61
Travis Feeney,2016,g11,5.54117804601439,193.04,104.32616,7.2
Rashad Holman,2001,g12,27.9721623714751,180.34,84.368112,7.09
Brett Romberg,2003,g10,-21.8482029796396,187.96,133.80964,8.16
Kevin Garrett,2003,g12,25.675047218494,175.26,87.996848,6.9
Scott Ware,2006,g12,12.6606698945103,185.42,98.883056,7.05
Stefon Diggs,2015,g12,23.3979224682332,182.88,88.45044,7.03
Nick Maddox,2003,g11,16.9667826027589,180.34,95.707912,7.33
Albert Wilson,2014,g12,22.1533256925048,175.26,91.625584,7
Nate Triplett,2010,g11,-2.6508225824545,190.5,113.398,7.02
Justin Hickman,2007,g11,-3.18707697244101,185.42,115.212368,7.06
Ronnie Brown,2005,g11,6.66974521978461,182.88,105.686936,7.1
Nick Rogers,2002,g11,-2.47873458669911,187.96,113.851592,7.02
Dalton Schultz,2018,g11,-1.2341378109707,195.58,110.676448,7
Anthony Henry,2001,g12,21.4649737094832,185.42,89.811216,6.9
Travelle Wharton,2004,g10,-30.5564675953746,193.04,141.520704,8.31
Manese Foketi,2013,g10,-33.8100619263706,195.58,144.242256,8.11
J.R. Tolver,2003,g12,19.7041129464886,185.42,91.625584,6.99
Rod Babers,2003,g12,26.5554775999913,175.26,87.089664,6.83
Chris Jones,2016,g10,-30.9006435868854,198.12,140.61352,7.44
Bo Melton,2022,g12,26.6515167992291,180.34,85.728888,6.98
Mario Haggan,2003,g11,-3.53125296395179,190.5,114.305184,7.55
Jay Bromley,2014,g10,-27.3028732643787,190.5,138.799152,7.92
Cyril Richardson,2014,g10,-38.6524290246057,195.58,149.231768,7.7
Dante Wesley,2002,g12,15.7421762297508,185.42,95.707912,7.25
Steve Edwards,2002,g10,-50.0980239840705,195.58,161.02516,8.37
Curtis Taylor,2009,g12,16.0103034247441,187.96,94.800728,7.25
Cheta Ozougwu,2011,g11,-0.717873823704517,187.96,112.037224,7.06
Noah Fant,2019,g11,-2.82291057820989,193.04,112.944408,6.81
Coty Sensabaugh,2012,g12,26.6515167992291,180.34,85.728888,6.6
Trey Walker,2018,g12,19.9722401414819,187.96,90.7184,7
Joel Bitonio,2014,g10,-26.1543156878882,193.04,136.984784,7.37
Antwan Barnes,2007,g11,2.97593569804005,185.42,108.86208,7.29
Isaiah Pead,2012,g11,23.742098459744,177.8,89.357624,6.95
Joseph Addai,2006,g11,15.6461370305129,180.34,97.068688,7.09
Loni Fangupo,2012,g10,-33.5619251340976,185.42,146.510216,7.94
Marvin Austin,2011,g10,-28.0112156501206,187.96,140.159928,7.33
Jordan Black,2003,g10,-32.66150434988,198.12,142.427888,7.65
James Marten,2007,g10,-31.0727315826408,200.66,140.159928,7.68
Kwame Harris,2003,g10,-31.5129467733895,200.66,140.61352,7.98
Greg Dulcich,2022,g11,-0.181619433718005,193.04,110.222856,7.05
Terrence Kiel,2003,g12,20.0482889379994,180.34,92.532768,6.88
Daniel Te'o-Nesheim,2010,g11,-8.37362006218691,190.5,119.294696,6.91
DonTrell Moore,2006,g11,18.0193009800116,177.8,95.25432,7.1
Andy Alleman,2007,g10,-27.4749612601341,193.04,138.34556,7.8
Nik Bonitto,2022,g11,-1.7703922009572,190.5,112.490816,7.07
Tyler Nielsen,2012,g11,2.63175970652926,190.5,107.954896,7.27
Tim Manning,2004,g12,31.0536687067156,180.34,81.192968,7.24
Arthur Moats,2010,g11,0.946947740052213,182.88,111.583632,7.22
Jared Perry,2010,g12,30.2692775244562,185.42,80.739376,6.75
Matthew Thomas,2018,g11,5.27305085102114,190.5,105.233344,6.85
Josh Davis,2004,g11,22.421452887498,177.8,90.7184,7.27
Brandon Thompson,2012,g10,-30.2122916038639,187.96,142.427888,7.97
Nick Gates,2018,g10,-28.9676948281355,195.58,139.252744,7.61
Elgton Jenkins,2019,g10,-29.6760372138773,193.04,140.61352,7.77
Kendrick Bourne,2017,g12,19.26389775574,185.42,92.079176,6.73
Jalen Jelks,2019,g11,-6.51672009995446,195.58,116.119552,7.22
Justin Jones,2018,g10,-28.0112156501206,187.96,140.159928,7.82
Marcus McClinton,2009,g12,16.7946946070035,182.88,95.25432,7.45
Odell Thurman,2005,g11,6.66974521978461,182.88,105.686936,7.47
Lane Johnson,2013,g10,-27.8191372516449,198.12,137.438376,7.31
Jordan Lomax,2016,g12,21.5410225060007,177.8,91.625584,7.18
Vontae Davis,2009,g12,20.4885041287481,180.34,92.079176,6.75
David Thomas,2006,g11,-3.53125296395179,190.5,114.305184,7.05
Larry Burt,2005,g10,-25.8101396963774,187.96,137.891968,8.03
Tellis Redmon,2002,g11,17.4069977935075,180.34,95.25432,7.08
Tony Brown,2018,g12,22.0772768959873,182.88,89.811216,6.78
Erick Streelman,2003,g11,-2.99499857396529,195.58,112.490816,7.59
Cameron Morrah,2009,g11,-0.00953143796261358,190.5,110.676448,6.99
Khalil Mack,2014,g11,-3.09103777320314,190.5,113.851592,7.08
Aaron Mellette,2013,g12,12.4885818987549,187.96,98.429464,7.11
Jacoby Glenn,2015,g12,30.4413655202116,182.88,81.192968,6.97
Keenen Brown,2019,g11,-2.03851939595046,187.96,113.398,7.27
Jerraud Powers,2009,g12,28.3163383629858,175.26,85.275296,7.09
Julian Love,2019,g12,24.0102256547372,180.34,88.45044,6.72
Asa Jackson,2012,g12,26.3833896042359,177.8,86.636072,6.97
Nick Hardwick,2004,g10,-22.4605061661436,190.5,133.80964,7.72
Sam Maxwell,2010,g11,-0.27765863295587,187.96,111.583632,7.37
LaMarcus McDonald,2003,g11,8.69873317777245,185.42,102.965384,7.6
Andy Eby,2002,g10,-24.6615821198868,190.5,136.0776,7.46
Zach Kerr,2014,g10,-34.8825707063436,185.42,147.870992,7.93
Chad Upshaw,2007,g11,-4.14355615045583,193.04,114.305184,7.23
Louis Holmes,2008,g11,-8.98592324869095,193.04,119.294696,7.33
Aldon Smith,2011,g11,-8.98592324869095,193.04,119.294696,7.19
Markus White,2011,g11,-9.69426563443285,190.5,120.655472,7.25
Deandre' Eiland,2004,g12,20.9287193194967,180.34,91.625584,7.19
DeMarcus Ware,2005,g11,-3.70334095970718,193.04,113.851592,6.83
Jalen Pitre,2022,g12,22.6895800824913,180.34,89.811216,6.74
Kwon Alexander,2015,g11,8.69873317777245,185.42,102.965384,7.14
Tevin McDonald,2015,g12,24.0102256547372,180.34,88.45044,7.01
Alex Anzalone,2017,g11,1.31111413428333,190.5,109.315672,6.88
Olubunmi Rotimi,2018,g11,-13.3880751561774,193.04,123.830616,7.46
Martrez Milner,2007,g11,-4.14355615045583,193.04,114.305184,7.35
Jarett Dillard,2009,g12,26.3833896042359,177.8,86.636072,7.1
Terry Charles,2002,g12,16.2784306197373,190.5,93.893544,7.02
Chris Polk,2012,g11,15.8182250262683,177.8,97.52228,7.13
Damion McIntosh,2000,g10,-37.599910647353,193.04,148.778176,7.72
Sean Key,2000,g12,27.0917319899778,180.34,85.275296,7.12
Davin Meggett,2012,g11,18.803692162271,172.72,95.707912,7.14
Chris Ellis,2008,g11,-8.98592324869095,193.04,119.294696,7.64
Qadree Ollison,2019,g11,8.2585179870238,185.42,103.418976,7.53
Montravius Adams,2017,g10,-27.0347460693855,193.04,137.891968,7.62
Temarrick Hemingway,2016,g11,-1.2341378109707,195.58,110.676448,6.88
Kris O'Dowd,2011,g10,-27.0347460693855,193.04,137.891968,7.67
Brandon Johnson,2006,g11,5.80930524100764,195.58,103.418976,7.17
Brad Smith,2006,g12,14.2494426617495,187.96,96.615096,7
Michael Thompson,2000,g10,-27.4749612601341,193.04,138.34556,7.99
Jason Webster,2000,g12,31.838059888975,175.26,81.64656,6.76
Marques Sullivan,2001,g10,-42.6143657413435,195.58,153.314096,8.36
Amani Oruwariye,2019,g12,17.7711641877386,187.96,92.98636,6.82
Pannel Egboh,2009,g11,-15.9333271014314,198.12,125.191392,7.24
Josh Norman,2012,g12,22.5174920867359,182.88,89.357624,7.09
Glover Quin,2009,g12,20.0482889379994,180.34,92.532768,7.39
Tristan Wirfs,2020,g10,-34.6904923078679,195.58,145.14944,7.65
Anthony Alridge,2008,g11,36.2402117964615,175.26,77.11064,6.88
Doug Free,2007,g10,-37.0636562573665,198.12,146.963808,7.38
Justin Tryon,2008,g12,27.4359079814886,175.26,86.18248,7.41
Chris Warren,2018,g11,-0.717873823704517,187.96,112.037224,6.98
Jalen Mills,2016,g12,25.1587832312278,182.88,86.636072,6.86
Darrius Heyward-Bey,2009,g12,15.5700882339954,187.96,95.25432,6.8
Geoff Schwartz,2008,g10,-40.5853777833557,198.12,150.592544,7.9
Ken Shackleford,2007,g10,-35.5709226893652,195.58,146.056624,8.35
Bennett Jackson,2014,g12,23.3979224682332,182.88,88.45044,6.75
Josh Davis,2011,g10,-32.8335923456354,200.66,141.974296,7.98
Jason Jowers,2003,g10,-34.8625803036233,198.12,144.695848,8.32
Jaryd Jones-Smith,2018,g10,-33.982149922126,198.12,143.788664,8.1
Dwayne Gratz,2013,g12,21.3689345102454,180.34,91.171992,6.7
Ufomba Kamalu,2016,g11,-23.6851125391517,195.58,133.80964,7.32
Jon Stinchcomb,2003,g10,-26.7666188743922,195.58,136.984784,7.83
Kenneth Pettway,2005,g11,3.51219008802655,190.5,107.047712,7.29
Matt Kalil,2012,g10,-29.7520860103949,200.66,138.799152,7.33
Menson Holloway,2001,g11,-17.0058358814045,187.96,128.820128,7.54
Oscar Johnson,2013,g10,-39.532859406103,195.58,150.138952,8.06
Matt Judon,2016,g11,-13.6562023511707,190.5,124.7378,7.67
Chad Greenway,2006,g11,1.48320213003872,187.96,109.769264,7
Jerome Simpson,2008,g12,20.4124553322305,187.96,90.264808,7.08
Orie Lemon,2011,g11,2.09550531654276,185.42,109.769264,7.45
Andrew Kline,2000,g10,-26.250354887126,187.96,138.34556,7.54
Brandon Manumaleuna,2001,g11,-13.0438991646666,187.96,124.7378,7.49
Brennan Curtin,2003,g10,-36.2592746723867,205.74,144.242256,7.98
Vince Oghobaase,2010,g10,-27.2068340651409,195.58,137.438376,7.84
Dezmon Patmon,2020,g12,7.74225399975763,193.04,102.0582,7.28
J.D. Nelson,2007,g12,18.7276433657535,180.34,93.893544,7.29
Danny Isidora,2017,g10,-27.3028732643787,190.5,138.799152,8.13
Zach Fulton,2014,g10,-32.9296315448733,195.58,143.335072,7.87
Tanoh Kpassagnon,2017,g11,-22.2684277676679,200.66,131.088088,7.46
Chris Clemons,2009,g12,17.6751249885008,182.88,94.347136,7.27
Alvin Pearman,2005,g11,19.5120345480129,175.26,94.347136,7.06
Phillip Rogers,2000,g11,6.49765722402922,185.42,105.233344,7.21
Chaz Powell,2012,g12,19.876200942244,182.88,92.079176,6.84
Adam Snyder,2005,g10,-32.9296315448733,195.58,143.335072,7.83
Alfred Blue,2014,g11,9.847290754263,187.96,101.151016,7.15
John Johnson,2017,g12,18.3834673742427,185.42,92.98636,6.72
Wilrey Fontenot,2008,g12,35.7999966057128,175.26,77.564232,7.29
Geoff Hangartner,2005,g10,-26.3264036836436,195.58,136.531192,7.62
David Bobo,2001,g10,-20.8717333989044,193.04,131.54168,7.81
Chris Baker,2002,g11,-6.17254410844367,190.5,117.026736,6.95
Stephane Nembot,2016,g10,-36.7955290623732,200.66,146.056624,8.55
Jeremy Williams,2010,g12,18.5555553699981,182.88,93.439952,6.73
Dean Marlowe,2015,g12,19.26389775574,185.42,92.079176,7
Rasheed Marshall,2005,g12,27.8000743757197,182.88,83.91452,6.81
Nate Salley,2006,g12,12.9287970895035,187.96,97.975872,6.79
Owen Daniels,2006,g11,-3.97146815470044,190.5,114.758776,6.87
Corvey Irvin,2009,g10,-25.1017973106355,190.5,136.531192,7.44
Emeke Egbule,2019,g11,0.162556557792777,187.96,111.13004,7.38
Anthony Jefferson,2015,g12,21.4649737094832,185.42,89.811216,7.18
Rob Housler,2011,g11,-2.99499857396529,195.58,112.490816,6.9
Dan Curley,2003,g11,-5.02398653195312,193.04,115.212368,7.47
Jamarca Sanford,2009,g12,16.258440217017,177.8,97.068688,7.02
Jamil Soriano,2003,g10,-32.7575435491179,193.04,143.788664,8.54
E.J. Whitley,2006,g10,-29.8481252096328,195.58,140.159928,7.53
Dante Rosario,2007,g11,-0.00953143796261358,190.5,110.676448,6.96
Ernest Grant,2000,g10,-32.9296315448733,195.58,143.335072,8
Kevin Johnson,2015,g12,26.4794288034737,182.88,85.275296,6.79
Andrew Stueber,2022,g10,-38.1161746346192,200.66,147.4174,7.94
George Wrighster,2003,g11,-1.59830420520181,187.96,112.944408,7.24
Nate Theaker,2017,g10,-32.4894163541246,195.58,142.88148,7.97
Victor Bolden Jr.,2017,g12,33.3307934569764,172.72,80.739376,6.83
Zack Bowman,2008,g12,22.5174920867359,182.88,89.357624,7.1
Malcolm Perry,2020,g12,29.1967687444831,175.26,84.368112,7.12
Brock Williams,2001,g12,29.905111130225,177.8,83.007336,6.7
Michael Buchanan,2013,g11,-6.07650490920582,195.58,115.66596,6.91
Jaleel Johnson,2017,g10,-31.7050251718652,190.5,143.335072,7.64
Charles Frederick,2005,g12,24.4504408454859,180.34,87.996848,7.39
Herb Haygood,2002,g12,24.8906560362345,180.34,87.543256,6.65
Justin Bannan,2002,g10,-24.6615821198868,190.5,136.0776,7.31
Matt Forte,2008,g11,13.1008850852589,185.42,98.429464,6.84
Leonard Peters,2007,g12,16.1823914204995,185.42,95.25432,7.49
Brandon Burton,2011,g12,25.5989984219764,182.88,86.18248,6.93
Levi Brown,2007,g10,-36.0111378801138,195.58,146.510216,7.87
Charlie Heck,2020,g10,-32.5654651506422,203.2,141.067112,8.02
Jacoby Ford,2010,g12,29.1967687444831,175.26,84.368112,7
Jeno James,2000,g10,-33.4658859348598,190.5,145.14944,8.51
Brian Calhoun,2006,g11,22.5935408832534,175.26,91.171992,7.05
DeCori Birmingham,2005,g11,18.0193009800116,177.8,95.25432,7.13
Terron Armstead,2013,g10,-28.5274796373868,195.58,138.799152,7.62
Terrance Copper,2004,g12,17.6751249885008,182.88,94.347136,7.34
Da'Rel Scott,2011,g11,16.9667826027589,180.34,95.707912,7.15
Nick Bellore,2011,g11,0.774859744296816,185.42,111.13004,6.98
Isaiah McKenzie,2017,g12,36.1441725972236,170.18,78.471416,6.64
Rashean Mathis,2003,g12,19.7041129464886,185.42,91.625584,7.09
Josh Evans,2013,g12,17.5030369927454,185.42,93.893544,6.64
David Woodward,2020,g11,6.76578441902247,187.96,104.32616,7.34
Tim Stuber,2001,g10,-32.4894163541246,195.58,142.88148,8.06
Nate Herbig,2019,g10,-40.0691137960895,190.5,151.95332,8.15
Sheldon Day,2016,g10,-20.3554694116382,185.42,132.902456,7.44
Trent Taylor,2017,g12,32.0101478847304,172.72,82.100152,6.74
Tyler Eifert,2013,g11,-3.87542895546258,195.58,113.398,6.92
Steve Longa,2016,g11,2.5357205072914,185.42,109.315672,7.5
Ian Campbell,2009,g11,-9.86635363018824,193.04,120.20188,6.93
Cedrick Wilson,2018,g12,21.2928857137278,187.96,89.357624,6.89
Jerome McDougle,2003,g11,-8.20153206643152,187.96,119.748288,7.28
Julien Davenport,2017,g10,-35.0346682993786,200.66,144.242256,7.57
Isaiah Burse,2014,g12,27.7040351764818,177.8,85.275296,6.74
Will Montgomery,2006,g10,-29.9441644088706,190.5,141.520704,7.4
Mark Andrews,2018,g11,-6.51672009995446,195.58,116.119552,7.34
Alize Mack,2019,g11,-2.82291057820989,193.04,112.944408,7.27
Tony Dixon,2001,g12,14.8617458482535,185.42,96.615096,7.38
De'Veon Smith,2017,g11,11.6842003137751,180.34,101.151016,7.3
Dwayne Pierce,2002,g10,-32.4133675576071,187.96,144.695848,8.12
Isaiah Buggs,2019,g10,-27.3028732643787,190.5,138.799152,8.01
Charles Tillman,2003,g12,17.5030369927454,185.42,93.893544,7.05
Tony Brown,2020,g12,21.4649737094832,185.42,89.811216,7.21
Grant Haley,2018,g12,27.4359079814886,175.26,86.18248,6.51
Alex Lewis,2004,g11,9.3110363642765,182.88,102.965384,7.06
Idrees Bashir,2001,g12,17.33094899699,187.96,93.439952,7.14
Kurth Connell,2000,g10,-21.3119485896531,193.04,131.995272,8.14
Jonathan Dwyer,2010,g11,9.04290916928324,180.34,103.872568,7.56
Antonio Johnson,2007,g10,-29.0637340273733,190.5,140.61352,7.47
Quinton Ganther,2006,g11,15.1098826405264,175.26,98.883056,7.19
Chris Kuper,2006,g10,-25.7141004971395,193.04,136.531192,7.59
Sir Henry Anderson,2006,g10,-27.9151764508828,193.04,138.799152,7.69
Craig Mager,2015,g12,21.3689345102454,180.34,91.171992,6.83
Dunta Robinson,2004,g12,27.9721623714751,180.34,84.368112,6.97
Barry Church,2010,g12,10.8998091315157,185.42,100.697424,6.65
Anthony Collins,2008,g10,-33.3698467356219,195.58,143.788664,7.71
Xavien Howard,2016,g12,20.7566313237413,182.88,91.171992,7.18
Landon Collins,2015,g12,8.87082117352785,182.88,103.418976,7.38
Trysten Hill,2019,g10,-28.183303645876,190.5,139.706336,7.7
Jessie Bates,2018,g12,22.1733160952251,187.96,88.45044,6.78
Corey Peters,2010,g10,-24.6615821198868,190.5,136.0776,7.56
Max Valles,2015,g11,-4.31564414621123,195.58,113.851592,7.59
Austin Corbett,2018,g10,-27.9151764508828,193.04,138.799152,7.87
Derrick Shelby,2012,g11,-9.69426563443285,190.5,120.655472,7.09
Breno Giacomini,2008,g10,-28.4314404381489,200.66,137.438376,7.56
Aidan Hutchinson,2022,g11,-9.50218723595713,200.66,117.93392,6.73
Mark LeGree,2011,g12,17.4069977935075,180.34,95.25432,6.9
Caleb Benenoch,2016,g10,-30.72855559113,195.58,141.067112,8.15
Nate Solder,2011,g10,-36.0871866766313,203.2,144.695848,7.44
Fred Russell,2004,g11,26.4594384007534,170.18,88.45044,7.09
Deon Butler,2009,g12,30.3453263209737,177.8,82.553744,7.01
Aaron Ross,2007,g12,24.2783528497305,182.88,87.543256,6.67
Taven Bryan,2018,g10,-21.3119485896531,193.04,131.995272,7.12
Marcus Dixon,2008,g11,-21.7521637804017,193.04,132.448864,7.58
Henry Anderson,2015,g11,-23.8572005349071,198.12,133.356048,7.2
Toniu Fonoti,2002,g10,-46.8444296530746,193.04,158.303608,8.12
Bernard Scott,2009,g11,22.421452887498,177.8,90.7184,6.82
Nate Dwyer,2002,g10,-30.3843795996193,190.5,141.974296,7.57
Kory Sheets,2009,g11,18.2874281750048,180.34,94.347136,7.18
Rod Davis,2004,g11,2.80384770228465,187.96,108.408488,7.2
Damen Wheeler,2000,g12,32.2782750797237,175.26,81.192968,7.21
Justin Cole,2010,g11,0.870898943534681,190.5,109.769264,7.13
Vederian Lowe,2022,g10,-32.049201163376,195.58,142.427888,7.83
Marko Mitchell,2009,g12,10.8237603349982,193.04,98.883056,7.04
Kraig Urbik,2009,g10,-38.212213833857,195.58,148.778176,7.87
Rashard Lawrence II,2020,g10,-27.571000459372,187.96,139.706336,8.03
Jeremy Childs,2009,g12,21.19684651449,182.88,90.7184,6.9
Talman Gardner,2003,g12,18.3834673742427,185.42,92.98636,7.54
Anthony Castonzo,2011,g10,-31.9531619641381,200.66,141.067112,7.25
Josh Boyd,2013,g10,-29.0637340273733,190.5,140.61352,7.16
Jonathan Orr,2006,g12,20.8526705229792,187.96,89.811216,7.31
Quandre Diggs,2015,g12,24.7946168369967,175.26,88.904032,7.22
Byron Jones,2015,g12,21.0247585187346,185.42,90.264808,6.78
Kyle Van Noy,2014,g11,0.430683752786034,190.5,110.222856,7.22
Zach Cunningham,2017,g11,4.39262046952384,190.5,106.140528,7.03
Ben Braunecker,2016,g11,-2.6508225824545,190.5,113.398,6.9
Godwin Igwebuike,2018,g12,18.9957705607467,182.88,92.98636,6.56
Chris Thompson,2004,g12,26.0392136127251,182.88,85.728888,7.09
Richie Ross,2006,g12,14.785697051736,193.04,94.800728,6.95
Lendy Holmes,2009,g12,18.5555553699981,182.88,93.439952,7.28
Jordan Hicks,2015,g11,4.73679646103463,185.42,107.047712,6.78
Cameron Graham,2011,g11,-0.00953143796261358,190.5,110.676448,7.19
Dwayne Allen,2012,g11,-4.85189853619773,190.5,115.66596,7.12
Dax Raymond,2019,g11,-6.07650490920582,195.58,115.66596,7.15
Dashon Goldson,2007,g12,17.7711641877386,187.96,92.98636,7.37
Javon Walker,2002,g12,14.9577850474914,190.5,95.25432,6.86
Sabby Piscitelli,2007,g12,8.79477237701032,190.5,101.604608,6.84
Sean Richardson,2012,g12,12.9287970895035,187.96,97.975872,7.01
D.J. Swearinger,2013,g12,18.8997313615089,177.8,94.347136,6.7
Jake Ferguson,2022,g11,-3.87542895546258,195.58,113.398,7.03
Devin White,2019,g11,4.90888445679002,182.88,107.501304,7.07
Daniel Sorensen,2014,g12,18.3834673742427,185.42,92.98636,6.47
Brandon McDonald,2007,g12,30.1732383252183,180.34,82.100152,7.44
Jamar Adams,2008,g12,14.6896578524981,187.96,96.161504,6.9
Donald Thomas,2008,g10,-25.9822276921328,190.5,137.438376,7.45
Larry Warford,2013,g10,-38.7484682238435,190.5,150.592544,7.78
B.J. Catalon,2015,g11,30.4213751174912,170.18,84.368112,6.9
Nat Berhe,2014,g12,25.5029592227386,177.8,87.543256,7.08
Cole Toner,2016,g10,-28.5274796373868,195.58,138.799152,7.88
Ryan Shazier,2014,g11,4.29658127028598,185.42,107.501304,6.91
Chad Jones,2010,g12,10.7277211357603,187.96,100.243832,6.83
Brandon Moore,2002,g10,-21.5800757846463,190.5,132.902456,7.84
Sean Considine,2005,g12,15.9142642255062,182.88,96.161504,7.09
Kevin Simon,2006,g11,7.0139212112954,177.8,106.59412,7.69
Justin Anderson,2012,g10,-40.6814169825935,193.04,151.95332,8.04
DeAndrew White,2015,g12,24.8906560362345,180.34,87.543256,6.97
Daniel Brunskill,2017,g10,-14.0003783426815,195.58,123.830616,7.9
Patrick Venzke,2001,g10,-27.8191372516449,198.12,137.438376,8.08
Mike Jones,2007,g10,-29.8481252096328,195.58,140.159928,7.8
Tim Williams,2017,g11,-0.00953143796261358,190.5,110.676448,7.36
Kalen Ballage,2018,g11,8.2585179870238,185.42,103.418976,6.91
Logan Bruss,2022,g10,-29.8481252096328,195.58,140.159928,7.57
Johnathan Franklin,2013,g11,20.2203769337548,177.8,92.98636,6.89
Tyler Starr,2014,g11,-3.26312576895853,193.04,113.398,6.64
Tye Hill,2006,g12,29.0246807487277,177.8,83.91452,6.63
T.J. Jackson,2006,g10,-24.5855333233693,182.88,137.891968,7.72
Shane Walton,2003,g12,28.8525927529724,180.34,83.460928,7.05
Geno Hayes,2008,g11,9.1389483685211,185.42,102.511792,7.22
Antonio Allen,2012,g12,16.1823914204995,185.42,95.25432,7.02
Deuce Lutui,2006,g10,-40.2412017918449,193.04,151.499728,8.04
Kentrell Brothers,2016,g11,1.38716293080086,182.88,111.13004,6.99
Kenny Lawler,2016,g12,18.6515945692359,187.96,92.079176,7.13
Kevin Zeitler,2012,g10,-31.4368979768719,193.04,142.427888,7.77
Brian Schwenke,2013,g10,-30.8245947903679,190.5,142.427888,7.31
Mathias Nkwenti,2001,g10,-21.5800757846463,190.5,132.902456,7.66
Atari Bigby,2005,g12,15.6461370305129,180.34,97.068688,7
Robert Felton,2008,g10,-31.8771131676206,193.04,142.88148,8.08
Damian Gregory,2000,g10,-27.1307852686233,187.96,139.252744,7.37
Kendall Newson,2002,g12,19.9722401414819,187.96,90.7184,6.87
Jordan Norwood,2009,g12,31.0536687067156,180.34,81.192968,6.8
Marcus McKethan,2022,g10,-44.7194024958489,200.66,154.22128,7.81
Mike Bush,2003,g12,19.015760963467,195.58,89.811216,7.42
Chevis Jackson,2008,g12,24.7185680404791,182.88,87.089664,6.96
D.J. Foster,2016,g12,25.5029592227386,177.8,87.543256,6.75
Tom Santi,2008,g11,-2.6508225824545,190.5,113.398,7.08
Ray Redziniak,2001,g10,-22.9007213568922,190.5,134.263232,8.17
Marcus Baugh,2018,g11,-1.33017701020856,190.5,112.037224,7.28
James Butler,2005,g12,14.2494426617495,187.96,96.615096,7.1
Demontray Carter,2002,g11,26.3833896042359,177.8,86.636072,7.38
Branden Ore,2009,g11,15.6461370305129,180.34,97.068688,7.35
Jerome Smith,2014,g11,13.0048458860211,180.34,99.79024,7.53
Randall Cobb,2011,g12,26.3833896042359,177.8,86.636072,7.08
Matt Skura,2016,g10,-26.8626580736301,190.5,138.34556,7.89
Taylor Moton,2017,g10,-34.2502771171192,195.58,144.695848,7.73
Hank Poteat,2000,g12,23.742098459744,177.8,89.357624,6.66
Emmett Cleary,2013,g10,-34.1542379178813,200.66,143.335072,7.81
Doug Datish,2007,g10,-26.1543156878882,193.04,136.984784,7.51
Dakota Allen,2019,g11,6.49765722402922,185.42,105.233344,6.88
Isaac Seumalo,2016,g10,-26.5945308786368,193.04,137.438376,7.4
Shawn Oakman,2016,g11,-22.0003005726746,203.2,130.180904,7.53
Evan Mathis,2005,g10,-27.6470492558895,195.58,137.891968,7.37
Brad McDougald,2013,g12,14.5936186532603,182.88,97.52228,7.07
Logan Stenberg,2020,g10,-33.982149922126,198.12,143.788664,8
Antonio Pittman,2007,g11,18.7276433657535,180.34,93.893544,6.84
Tony Lippett,2015,g12,23.4939616674711,187.96,87.089664,6.92
Montel Harris,2013,g11,20.1243377345169,172.72,94.347136,6.95
Julius Jones,2004,g11,14.937794644771,177.8,98.429464,6.97
James Newson,2004,g12,14.8617458482535,185.42,96.615096,7.41
Malik Carney,2019,g11,-2.47873458669911,187.96,113.851592,7.4
Kenbrell Thompkins,2013,g12,23.6660496632264,185.42,87.543256,6.88
Sidney Rice,2007,g12,19.3599369549778,190.5,90.7184,7.09
Daniel Fells,2006,g11,-6.61275929919232,190.5,117.480328,7.27
Kenny Smith,2001,g10,-24.2213669291382,190.5,135.624008,8
Tony Okanlawon,2002,g12,29.0246807487277,177.8,83.91452,7.37
Justin Coleman,2015,g12,28.4123775622237,180.34,83.91452,6.61
Trevon Wesco,2019,g11,-10.1344808251815,190.5,121.109064,7.18
Yamon Figurs,2007,g12,33.2547446604588,180.34,78.925008,6.85
Matt Roth,2005,g11,-15.5891511099206,193.04,126.098576,7.65
Fred Ross,2017,g12,14.8617458482535,185.42,96.615096,6.99
Ellis Hobbs,2005,g12,26.5554775999913,175.26,87.089664,6.8
Tyrell Crosby,2018,g10,-29.8481252096328,195.58,140.159928,7.89
Alonzo Cunningham,2002,g10,-32.3173283583692,193.04,143.335072,8.52
A.J. Green,2011,g12,13.9052666702387,193.04,95.707912,6.91
Jerron Wishom,2005,g12,24.2783528497305,182.88,87.543256,6.81
Russ Hochstein,2001,g10,-24.6615821198868,190.5,136.0776,7.85
Tre McBride,2015,g12,16.7946946070035,182.88,95.25432,6.96
Clevan Thomas,2001,g12,27.8761231722372,175.26,85.728888,7.42
Joel Bell,2009,g10,-33.7140227271327,200.66,142.88148,7.55
Taylor Hearn,2018,g10,-34.0781891213638,193.04,145.14944,7.84
Demetrius McCray,2013,g12,26.3073408077183,185.42,84.821704,7.17
Connor Wujciak,2016,g10,-20.087342216645,187.96,131.995272,7.32
Kabeer Gbaja-Biamila,2000,g11,-0.181619433718005,193.04,110.222856,6.9
Kevin Emanuel,2004,g11,-3.70334095970718,193.04,113.851592,7.86
Michael Boulware,2004,g11,8.96686037276571,187.96,102.0582,6.89
Trumaine McBride,2007,g12,29.6369839352318,175.26,83.91452,6.96
Chad Williams,2002,g12,19.9522497387616,175.26,93.893544,6.96
Jimmy Graham,2010,g11,-8.88988404945309,198.12,117.93392,6.9
Geremy Davis,2015,g12,12.9287970895035,187.96,97.975872,6.86
Trevor Penning,2022,g10,-38.1161746346192,200.66,147.4174,7.25
Jamey Richard,2008,g10,-23.6851125391517,195.58,133.80964,7.58
Dadi Nicolas,2016,g11,3.9524052787752,190.5,106.59412,7.04
Max Mitchell,2022,g10,-29.5799980146395,198.12,139.252744,8.09
Brandon Green,2003,g11,-9.52217763867746,187.96,121.109064,7.23
Raymond House,2003,g11,-13.9243295461639,187.96,125.644984,7.55
Jamaal Brimmer,2005,g12,13.5411002760076,185.42,97.975872,7.78
Mario Monds,2001,g10,-43.15062013133,190.5,155.128464,8.06
Courtney Greene,2009,g12,15.9142642255062,182.88,96.161504,7.35
Billy Turner,2014,g10,-32.4894163541246,195.58,142.88148,7.92
Deon Cain,2018,g12,19.0918097599846,187.96,91.625584,6.71
Mike Sims-Walker,2007,g12,16.0103034247441,187.96,94.800728,6.92
Jonathan Lewis,2006,g10,-27.3989124636166,185.42,140.159928,7.4
Johnnie Morant,2004,g12,5.98139323676304,193.04,103.872568,7.34
Ryan Malleck,2016,g11,-1.94248019671259,193.04,112.037224,7
Delone Carter,2011,g11,13.3490218775319,175.26,100.697424,6.92
Antonio Hall,2004,g10,-32.1452403626138,190.5,143.788664,8.12
Drisan James,2007,g12,24.2783528497305,182.88,87.543256,7.09
Bruce Branch,2002,g12,25.9431744134872,177.8,87.089664,7.12
Claude Terrell,2005,g10,-42.9785321355746,187.96,155.582056,8.17
Mitchell Wilcox,2020,g11,-1.33017701020856,190.5,112.037224,7.37
Edmund Kugbila,2013,g10,-32.7575435491179,193.04,143.788664,7.72
Jaire Alexander,2018,g12,25.3308712269832,180.34,87.089664,6.71
Max Scharping,2019,g10,-38.3843018296124,198.12,148.324584,7.77
Robert Sands,2011,g12,11.2639755257468,193.04,98.429464,7.03
Dontae Johnson,2014,g12,19.9722401414819,187.96,90.7184,6.82
T.J. Clemmings,2015,g10,-29.8481252096328,195.58,140.159928,7.68
Nico Siragusa,2017,g10,-33.6379739306152,193.04,144.695848,7.71
Hanik Milligan,2003,g12,19.5320249507332,187.96,91.171992,7.11
Carlos Francis,2004,g12,23.9141864554994,175.26,89.811216,6.97
Bruce Campbell,2010,g10,-32.66150434988,198.12,142.427888,7.58
Mkristo Bruce,2007,g11,-12.4116055754423,198.12,121.562656,7.38
Ryan Winterswyk,2011,g11,-11.1869992024342,193.04,121.562656,7.01
Cory Rodgers,2006,g12,26.4794288034737,182.88,85.275296,7.37
Cyrus Gray,2012,g11,19.7801617430062,177.8,93.439952,7.17
Michael Turner,2004,g11,6.1334908297981,177.8,107.501304,7.5
Marcus Williams,2017,g12,19.7041129464886,185.42,91.625584,6.85
Austin Hooper,2016,g11,-5.02398653195312,193.04,115.212368,7
Arnaz Battle,2003,g12,13.1008850852589,185.42,98.429464,6.74
Will Sutton,2014,g10,-24.1453181326207,182.88,137.438376,7.93
Nephi Sewell,2022,g11,9.75125155502514,182.88,102.511792,7.01
Shaquill Griffin,2017,g12,23.8381376589818,182.88,87.996848,6.87
Bobby Purify,2005,g11,16.7946946070035,182.88,95.25432,7.22
Skyy Moore,2022,g12,24.6225288412413,177.8,88.45044,7.13
Henre Toliver,2018,g12,27.1877711892156,185.42,83.91452,7.01
Eric Smith,2006,g12,16.6226066112481,185.42,94.800728,6.89
Montavious Stanley,2006,g10,-29.7720764131152,187.96,141.974296,8.06
Roc Alexander,2004,g12,28.4123775622237,180.34,83.91452,6.97
Mansfield Wrotto,2007,g10,-32.1452403626138,190.5,143.788664,8.34
Kenny Hilliard,2015,g11,9.75125155502514,182.88,102.511792,7.17
Carlos Wright,2004,g12,19.26389775574,185.42,92.079176,7.12
David McMillan,2005,g11,-7.93340487143826,190.5,118.841104,7.11
Eric Manning,2003,g10,-24.7576213191247,185.42,137.438376,7.77
Bennie Logan,2013,g10,-28.0112156501206,187.96,140.159928,7.53
Tom Wort,2013,g11,5.78931483828732,182.88,106.59412,7.41
Walter Young,2003,g12,11.9723179114887,195.58,97.068688,6.9
Jack Brewer,2002,g12,23.8381376589818,182.88,87.996848,6.9
Wendell Smallwood,2016,g11,18.8997313615089,177.8,94.347136,6.83
T.J. Hollowell,2004,g11,5.78931483828732,182.88,106.59412,7.14
Bryan Smith,2008,g11,6.32556922827382,187.96,104.779752,7.22
Dontavius Russell,2019,g10,-33.0256707441111,190.5,144.695848,7.81
Lawrence Sidbury,2009,g11,-9.08196244792881,187.96,120.655472,7.46
Clifton Geathers,2010,g11,-26.6705796751544,200.66,135.624008,7.69
Jordan White,2012,g12,17.6751249885008,182.88,94.347136,6.84
David Porter,2003,g10,-31.3408587776341,198.12,141.067112,8.43
Alton Lusk,2000,g12,27.8961135749575,187.96,82.553744,7.16
Taj Smith,2008,g12,26.9196439942224,182.88,84.821704,7.15
Willie Beavers,2016,g10,-35.1307074986165,195.58,145.603032,7.96
Lamont Reid,2005,g12,24.0102256547372,180.34,88.45044,7.18
Victor Adeyanju,2006,g11,-13.8282903469261,193.04,124.284208,7.37
Taylor Dever,2012,g10,-25.0057581113976,195.58,135.170416,7.49
Dwayne Missouri,2001,g11,-7.39715048145176,195.58,117.026736,7.5
Ali Marpet,2015,g10,-28.3553916416314,193.04,139.252744,7.33
Jammie Kirlew,2010,g11,-5.82836811693289,185.42,117.93392,7.5
Connor McGovern,2019,g10,-29.4079100188841,195.58,139.706336,7.66
Devine Redding,2017,g11,21.4449833067629,172.72,92.98636,7.18
Marcell Dareus,2011,g10,-33.0256707441111,190.5,144.695848,7.83
Cameron Stephenson,2007,g10,-27.3028732643787,190.5,138.799152,7.72
Tyler Jones,2019,g10,-27.3028732643787,190.5,138.799152,7.75
Jason Fanaika,2016,g11,-11.283038401672,187.96,122.923432,7.06
Hayden Plinke,2017,g11,-9.4261384394396,193.04,119.748288,7.55
Jeffrey Gunter,2022,g11,-6.78484729494771,193.04,117.026736,7.21
Morgan Moses,2014,g10,-32.66150434988,198.12,142.427888,7.93
Jacquies Smith,2012,g11,-3.97146815470044,190.5,114.758776,7.25
Gary Barnidge,2008,g11,-1.40622580672609,198.12,110.222856,6.92
Donald Strickland,2003,g12,28.1442503672304,177.8,84.821704,6.98
Maurice Jones-Drew,2006,g11,21.1768561117696,170.18,93.893544,7.08
Chris Harrell,2006,g12,17.2349097977521,182.88,94.800728,7.02
Ethan Pocic,2017,g10,-30.9006435868854,198.12,140.61352,7.89
Garrett Graham,2010,g11,0.430683752786034,190.5,110.222856,7.09
Brandon Ghee,2010,g12,24.7185680404791,182.88,87.089664,6.75
Taylor Rapp,2019,g12,17.6751249885008,182.88,94.347136,6.82
Lionel Dotson,2008,g10,-23.5130245433963,193.04,134.263232,7.62
Dwone Hicks,2003,g11,12.7367186910278,177.8,100.697424,7.38
Liam Ezekiel,2005,g11,-0.373697832193728,182.88,112.944408,7.27
Tyler Smith,2022,g10,-36.4513530708624,195.58,146.963808,7.78
Louis Delmas,2009,g12,20.9287193194967,180.34,91.625584,6.67
Zebrie Sanders,2012,g10,-35.3027954943719,198.12,145.14944,8.15
Joe Kruger,2013,g11,-12.8518207661909,198.12,122.016248,7.17
Antonio Garcia,2017,g10,-27.3789220608962,198.12,136.984784,7.98
Stephen Burton,2011,g12,11.3400243222643,185.42,100.243832,7.04
Jarius Wright,2012,g12,30.3453263209737,177.8,82.553744,6.93
Alex Carter,2015,g12,22.9577072774845,182.88,88.904032,7.05
Greg Schindler,2003,g10,-28.9676948281355,195.58,139.252744,8.56
Roy Helu,2011,g11,13.4450610767697,180.34,99.336648,6.67
Phillip Dorsett,2015,g12,29.0246807487277,177.8,83.91452,6.7
Ben Victor,2020,g12,19.6280641499711,193.04,89.811216,7.1
Devon Torrence,2011,g12,21.6370617052386,182.88,90.264808,6.95
A.J. Stamps,2016,g12,24.8906560362345,180.34,87.543256,7.17
Chris Neild,2011,g10,-32.4133675576071,187.96,144.695848,7.56
Robert Blanton,2012,g12,17.0628218019967,185.42,94.347136,6.71
Demario Brown,2000,g11,13.713188271763,182.88,98.429464,7.17
Michael Roos,2005,g10,-35.9150986808759,200.66,145.14944,7.72
Montee Ball,2013,g11,16.258440217017,177.8,97.068688,6.88
DeVier Posey,2012,g12,15.1298730432468,187.96,95.707912,7.03
Damien Berry,2011,g11,17.5790857892629,177.8,95.707912,7
Senquez Golson,2015,g12,33.5989206519696,175.26,79.832192,6.81
Quenton Meeks,2018,g12,17.7711641877386,187.96,92.98636,6.72
Jerick McKinnon,2014,g11,19.0718193572643,175.26,94.800728,6.83
TreDavious White,2017,g12,25.3308712269832,180.34,87.089664,6.9
Anthony Davis,2005,g11,24.2583624470102,170.18,90.7184,7.39
Graig Cooper,2011,g11,20.2203769337548,177.8,92.98636,6.66
Larry Webster,2014,g11,-5.36816252346391,198.12,114.305184,7.29
Cameron Fleming,2014,g10,-36.0111378801138,195.58,146.510216,8.24
Joe Adams,2012,g12,31.0536687067156,180.34,81.192968,7.09
Kevin Bentley,2002,g11,2.26759331229816,182.88,110.222856,6.71
David DeCastro,2012,g10,-32.9296315448733,195.58,143.335072,7.3
Mike Thomas,2009,g12,25.8471352142494,172.72,88.45044,6.65
Kareem Martin,2014,g11,-14.1724663384369,198.12,123.377024,7.2
Mark Harrison,2013,g12,5.71326604176979,190.5,104.779752,6.99
Ben Hamilton,2001,g10,-27.2068340651409,195.58,137.438376,7.62
Dontari Poe,2012,g10,-44.9114808943246,190.5,156.942832,7.9
Kenyatta Walker,2001,g10,-30.72855559113,195.58,141.067112,7.7
Joe Dahl,2016,g10,-27.0347460693855,193.04,137.891968,7.64
Byron Frisch,2000,g11,-16.9097966821666,193.04,127.459352,7.2
Damian Williams,2010,g12,21.9051889002319,185.42,89.357624,6.79
Jamaica Rector,2005,g12,28.5844655579791,177.8,84.368112,6.78
Adam Davis,2000,g10,-29.2358220231287,193.04,140.159928,8.51
Bernard Robertson,2001,g10,-28.183303645876,190.5,139.706336,8.06
Justin Cox,2015,g12,24.5464800447237,185.42,86.636072,7.05
Wyatt Ray,2019,g11,-5.73232891769503,190.5,116.573144,7.34
Josh Scobey,2002,g11,13.8852762675184,180.34,98.883056,6.96
Kroy Biermann,2008,g11,-0.889961819459908,190.5,111.583632,7.08
Jason Hatcher,2006,g11,-19.4550486274206,198.12,128.820128,7.67
Derrius Monroe,2002,g11,-11.6272143931828,193.04,122.016248,7.38
Will Holden,2017,g10,-31.9531619641381,200.66,141.067112,7.71
Tyrone Crawford,2012,g11,-14.2685055376747,193.04,124.7378,7.09
Ben Boulware,2017,g11,4.46866926604138,182.88,107.954896,7.02
Kevin Williams,2003,g11,-27.6470492558895,195.58,137.891968,7.66
Walter Reyes,2005,g11,18.4595161707602,177.8,94.800728,7.23
Jameel McClain,2008,g11,-0.986001018697773,185.42,112.944408,7.12
Marques Harris,2005,g11,6.93787241477786,185.42,104.779752,7.19
Obum Gwacham,2015,g11,-2.11456819246799,195.58,111.583632,7.28
Cedric Thornton,2011,g10,-28.6235188366247,190.5,140.159928,7.7
C.J. Davis,2009,g10,-27.571000459372,187.96,139.706336,8.09
Jordan Cameron,2011,g11,-5.63628971845717,195.58,115.212368,6.82
James Washington,2018,g12,16.0863522212616,180.34,96.615096,7.11
Terrence Cody,2010,g10,-49.0455056068178,193.04,160.571568,8.19
Carlton Powell,2008,g10,-20.5275574073936,187.96,132.448864,7.78
Trey Burton,2014,g12,9.40707556351436,187.96,101.604608,7.14
Michael Pittman,2020,g12,8.62268438125492,193.04,101.151016,6.96
Aaron Maybin,2009,g11,-2.82291057820989,193.04,112.944408,7.52
Armani Watts,2018,g12,19.6080737472508,180.34,92.98636,7.25
Andre Hall,2006,g11,20.1243377345169,172.72,94.347136,7.38
Chris Carter,2011,g11,-0.545785827949126,185.42,112.490816,6.88
Charles Scott,2010,g11,5.08097245254542,180.34,107.954896,6.98
Trayveon Williams,2019,g11,21.0047681160142,172.72,93.439952,7.44
Renard Cox,2000,g12,25.3308712269832,180.34,87.089664,7.1
Cody Wallace,2008,g10,-23.5130245433963,193.04,134.263232,7.45
"Mario Edwards, Jr.",2015,g11,-15.4170631141653,190.5,126.552168,7.44
Deon Long,2015,g12,24.7185680404791,182.88,87.089664,6.98
Noah Brown,2017,g12,10.2875059450116,187.96,100.697424,7.07
Kelvin Smith,2007,g11,2.36363251153601,187.96,108.86208,7.19
James Cowser,2016,g11,-1.7703922009572,190.5,112.490816,6.8
Jamil Demby,2018,g10,-33.6379739306152,193.04,144.695848,7.86
Demetress Bell,2008,g10,-27.2068340651409,195.58,137.438376,7.65
Keyon Whiteside,2003,g11,8.4306059827792,182.88,103.872568,7.32
Derrick Henry,2016,g11,-1.33017701020856,190.5,112.037224,7.2
Ross Pierschbacher,2019,g10,-28.3553916416314,193.04,139.252744,7.83
Levar Fisher,2002,g11,6.05744203328057,185.42,105.686936,7.3
Duane Coleman,2007,g12,23.4739712647507,175.26,90.264808,7.18
Dorian O'daniel,2018,g11,10.459593940767,185.42,101.151016,6.64
Corey Brown,2014,g12,31.4938838974642,180.34,80.739376,7.16
Devon Kennard,2014,g11,-2.21060739170585,190.5,112.944408,7.25
Tyreo Harrison,2002,g11,3.24406289303329,187.96,107.954896,7.24
Ian Johnson,2009,g11,16.5265674120102,180.34,96.161504,6.93
Tyson Alualu,2010,g11,-21.8482029796396,187.96,133.80964,7.15
Marcus McCauley,2007,g12,19.26389775574,185.42,92.079176,6.61
Kevin Norwood,2014,g12,20.8526705229792,187.96,89.811216,6.68
Michael Egnew,2012,g11,-4.75585933695987,195.58,114.305184,7.03
Dion Sims,2013,g11,-9.15801124444635,195.58,118.841104,7.36
Kellen Davis,2008,g11,-9.77031443095038,198.12,118.841104,7.25
Jaye Howard,2012,g10,-25.1017973106355,190.5,136.531192,7.32
Conor Boffeli,2014,g10,-24.3934549248936,193.04,135.170416,7.44
D.J. Moore,2018,g12,16.7946946070035,182.88,95.25432,6.95
Troy Apke,2018,g12,20.8526705229792,187.96,89.811216,6.56
Damian Lavergne,2003,g10,-41.0255929741043,198.12,151.046136,8.44
Albert McClellan,2010,g11,-0.105570637200479,185.42,112.037224,7.24
Ifeadi Odenigbo,2017,g11,-6.17254410844367,190.5,117.026736,7.26
Eddie Vanderdoes,2017,g10,-26.8626580736301,190.5,138.34556,7.69
John Wetzel,2013,g10,-33.7140227271327,200.66,142.88148,7.9
Marcus Knight,2000,g12,29.3888471429589,185.42,81.64656,7.11
Sean McHugh,2004,g11,-10.0384416259436,195.58,119.748288,7.36
Jordan Gross,2003,g10,-25.2738853063909,193.04,136.0776,7.69
Darcel McBath,2009,g12,22.0772768959873,182.88,89.811216,6.8
Josh Boyce,2013,g12,19.1678585565021,180.34,93.439952,6.68
Tyrone Calico,2003,g12,8.62268438125492,193.04,101.151016,6.73
Ramon Foster,2009,g10,-38.212213833857,195.58,148.778176,7.96
Mark Herzlich,2011,g11,-0.621834624466652,193.04,110.676448,7.32
Zach Strief,2006,g10,-40.9295537748664,203.2,149.68536,8.01
Jeremy Langford,2015,g11,17.6751249885008,182.88,94.347136,7.22
Gabe Marks,2017,g12,26.6515167992291,180.34,85.728888,7.01
Bobbie Williams,2000,g10,-39.3607714103476,193.04,150.592544,7.78
Avery Moss,2017,g11,-8.81383525293556,190.5,119.748288,7.25
Anthony Dixon,2010,g11,6.05744203328057,185.42,105.686936,7.09
Leroy Hill,2005,g11,7.81830279627516,185.42,103.872568,7.23
Javon Green,2001,g12,15.7421762297508,185.42,95.707912,7.41
