Player,ano,GPos40,cp1,altura,peso,40yd
Mike Jenkins,2008,g3,23.742098459744,177.8,89.357624,4.38
Kendrick Starling,2004,g3,23.6660496632264,185.42,87.543256,4.49
Anthony Smith,2006,g3,23.8381376589818,182.88,87.996848,4.71
Zaycoven Henderson,2018,g1,-21.9442421788774,182.88,135.170416,5.16
Marcell Dareus,2011,g1,-33.0256707441111,190.5,144.695848,4.93
Jamil Soriano,2003,g1,-32.7575435491179,193.04,143.788664,5.48
Paul Williams,2007,g3,18.3834673742427,185.42,92.98636,4.45
Beau Benzschawel,2019,g1,-30.4604283961368,198.12,140.159928,5.24
E.J. Gaines,2014,g3,26.8236047949845,177.8,86.18248,4.44
Victor Abiamiri,2007,g2,-10.7467840116855,193.04,121.109064,4.8
Daryl Smith,2004,g2,5.00492365602788,187.96,106.140528,4.67
Tony Hunt,2007,g3,5.44513884677653,187.96,105.686936,4.68
Ennis Davis,2001,g1,-26.1543156878882,193.04,136.984784,5.1
Early Doucet,2008,g3,17.2349097977521,182.88,94.800728,4.59
Paul Perkins,2016,g3,18.8997313615089,177.8,94.347136,4.54
Onterio McCalebb,2013,g3,36.5083389914547,177.8,76.203456,4.34
Simeon Castille,2008,g3,23.3979224682332,182.88,88.45044,4.63
Devon Johnson,2016,g3,4.46866926604138,182.88,107.954896,4.64
Jeff Otah,2008,g1,-36.1832258758692,198.12,146.056624,5.55
Steven Johnson,2012,g2,4.02845407529273,182.88,108.408488,4.71
Brett Helms,2009,g1,-17.8862662629018,187.96,129.727312,5.39
Khiawatha Downey,2004,g1,-39.3607714103476,193.04,150.592544,5.5
Scottie Phillips,2020,g3,19.6841225437683,172.72,94.800728,4.56
Demetri Goodson,2014,g3,24.4504408454859,180.34,87.996848,4.52
Cameron Graham,2011,g2,-0.00953143796261358,190.5,110.676448,5
Kristian Fulton,2020,g3,22.5174920867359,182.88,89.357624,4.46
Alex Wesley,2019,g3,25.5989984219764,182.88,86.18248,4.45
Blake Cashman,2019,g2,4.29658127028598,185.42,107.501304,4.5
Giorgio Newberry,2016,g2,-19.2829606316652,195.58,129.27372,4.94
Allen Lazard,2018,g3,6.24952043175629,195.58,102.965384,4.55
Brandon Coleman,2014,g3,6.51764762674955,198.12,102.0582,4.56
Christian Ballard,2011,g2,-17.7902270636639,193.04,128.366536,4.75
Matt Ware,2004,g3,16.0103034247441,187.96,94.800728,4.54
Quentin McCord,2001,g3,26.3833896042359,177.8,86.636072,4.48
Shawn Williams,2013,g3,15.4740490347576,182.88,96.615096,4.46
Kevin Ogletree,2009,g3,22.9577072774845,182.88,88.904032,4.36
Mewelde Moore,2004,g3,17.8472129842562,180.34,94.800728,4.65
Rannell Hall,2015,g3,22.0772768959873,182.88,89.811216,4.6
Seth Olsen,2009,g1,-28.5274796373868,195.58,138.799152,5.23
Isaiah Simmons,2020,g2,2.01945652002522,193.04,107.954896,4.39
Syvelle Newton,2007,g3,12.6606698945103,185.42,98.883056,4.64
Josh Beekman,2007,g1,-29.7720764131152,187.96,141.974296,5.36
Mike Goodson,2009,g3,17.6751249885008,182.88,94.347136,4.43
Todd Pinkston,2000,g3,33.6189110546899,187.96,76.657048,4.45
Marcus Gilbert,2011,g1,-39.7049474018584,198.12,149.68536,5.41
Dan Buenning,2005,g1,-34.0781891213638,193.04,145.14944,5.35
Mike Montgomery,2005,g2,-15.3210239149274,195.58,125.191392,5.05
Nate Gerry,2017,g3,12.0483667080062,187.96,98.883056,4.58
Kevin Basped,2010,g2,-6.78484729494771,193.04,117.026736,4.75
Marcus Hudson,2006,g3,23.2258344724778,185.42,87.996848,4.55
Cedric James,2001,g3,18.2113793784873,187.96,92.532768,4.49
Vincent Gray,2022,g3,23.4939616674711,187.96,87.089664,4.54
D.J. Parker,2008,g3,25.3308712269832,180.34,87.089664,4.59
Garret Dooley,2018,g2,-1.7703922009572,190.5,112.490816,4.8
Kion Wilson,2010,g2,4.02845407529273,182.88,108.408488,4.87
Arman Shields,2008,g3,23.2258344724778,185.42,87.996848,4.37
Austin Allen,2022,g2,-7.03298408722064,203.2,114.758776,4.83
Zach Fulton,2014,g1,-32.9296315448733,195.58,143.335072,5.16
Ben Burr-Kirven,2019,g2,7.99039079203056,182.88,104.32616,4.56
Chris Baker,2002,g2,-6.17254410844367,190.5,117.026736,4.81
Roscoe Parrish,2005,g3,36.5083389914547,177.8,76.203456,4.37
Louis Murphy,2009,g3,18.6515945692359,187.96,92.079176,4.32
Wade Smith,2003,g1,-23.5130245433963,193.04,134.263232,5.14
Walter Young,2003,g3,11.9723179114887,195.58,97.068688,4.54
Rashard Higgins,2016,g3,22.3454040909805,185.42,88.904032,4.64
Rashard Anderson,2000,g3,17.33094899699,187.96,93.439952,4.55
Jelani Woods,2022,g2,-9.06197204520848,200.66,117.480328,4.61
Mike Kudla,2006,g2,-8.64174725718017,187.96,120.20188,4.72
Coby Bryant,2022,g3,23.6660496632264,185.42,87.543256,4.54
J.J. Nelson,2015,g3,41.7909212804385,177.8,70.760352,4.28
Dominique Stevenson,2002,g2,7.55017560128191,182.88,104.779752,4.53
Geno Hayes,2008,g2,9.1389483685211,185.42,102.511792,4.64
Bear Pascoe,2009,g2,-4.31564414621123,195.58,113.851592,4.89
Khaseem Greene,2013,g2,2.5357205072914,185.42,109.315672,4.71
Ethan Howell,2000,g3,27.9721623714751,180.34,84.368112,4.56
Jeremy LeSueur,2004,g3,22.5174920867359,182.88,89.357624,4.53
Corey Lemonier,2013,g2,-4.85189853619773,190.5,115.66596,4.6
Wyatt Ray,2019,g2,-5.73232891769503,190.5,116.573144,4.83
Gerrick McPhearson,2006,g3,24.1823136504926,177.8,88.904032,4.42
Kapri Bibbs,2014,g3,17.7511737850183,175.26,96.161504,4.67
Hassan Ridgeway,2016,g1,-25.9822276921328,190.5,137.438376,5.02
Marlon Brown,2013,g3,13.0248362887414,193.04,96.615096,4.63
Ben Tate,2010,g3,13.0048458860211,180.34,99.79024,4.34
Darrell Henderson,2019,g3,20.1243377345169,172.72,94.347136,4.49
Tatum Bell,2004,g3,16.5265674120102,180.34,96.161504,4.37
Alex Cappa,2018,g1,-28.6995676331422,198.12,138.34556,5.39
Quinn Christensen,2004,g1,-31.7810739683827,198.12,141.520704,5.1
Arthur Jones,2010,g1,-25.1017973106355,190.5,136.531192,5.04
Ahmad Childress,2004,g1,-48.9494664075799,198.12,159.210792,5.28
Mac Tuiaea,2000,g1,-24.7376309164044,198.12,134.263232,5.09
Joey Chustz,2000,g1,-28.8716556288976,200.66,137.891968,5.08
Leonard Myers,2001,g3,26.8236047949845,177.8,86.18248,4.65
Max Garcia,2015,g1,-29.2358220231287,193.04,140.159928,5.24
Coty Sensabaugh,2012,g3,26.6515167992291,180.34,85.728888,4.33
Cary Harris,2009,g3,27.5319471807264,180.34,84.821704,4.66
Marshay Green,2010,g3,31.838059888975,175.26,81.64656,4.52
Justin Hickman,2007,g2,-3.18707697244101,185.42,115.212368,4.75
Kevin Garrett,2003,g3,25.675047218494,175.26,87.996848,4.32
Kirk Morrison,2005,g2,5.17701165178327,185.42,106.59412,4.75
DeAngelo Peterson,2012,g2,0.430683752786034,190.5,110.222856,4.69
Ken Ekanem,2017,g2,-5.73232891769503,190.5,116.573144,4.88
Justin Harrell,2007,g1,-25.2738853063909,193.04,136.0776,5.04
Nick Bosa,2019,g2,-10.3065688209369,193.04,120.655472,4.79
Kerry Hyder,2014,g1,-19.6471270258963,187.96,131.54168,5.1
Todd Wade,2000,g1,-39.1686930118719,203.2,147.870992,5.22
Jalil Brown,2011,g3,18.8236825649913,185.42,92.532768,4.52
Ben Ijalana,2011,g1,-32.7575435491179,193.04,143.788664,5.2
Christian Tupou,2012,g1,-19.2069118351477,187.96,131.088088,5.38
Josh Bullocks,2005,g3,17.2349097977521,182.88,94.800728,4.46
Macho Harris,2009,g3,22.6895800824913,180.34,89.811216,4.46
Chase Edmonds,2018,g3,20.8326801202588,175.26,92.98636,4.55
Mason Foster,2011,g2,0.774859744296816,185.42,111.13004,4.75
Matt Spanos,2008,g1,-33.3698467356219,195.58,143.788664,5.47
Rasul Douglas,2017,g3,16.0103034247441,187.96,94.800728,4.59
Brooks Foster,2009,g3,16.3544794162549,182.88,95.707912,4.44
Gerri Green,2019,g2,-4.14355615045583,193.04,114.305184,4.63
James Quick,2017,g3,27.359859184971,182.88,84.368112,4.6
Devon Cajuste,2016,g3,3.78031728301981,193.04,106.140528,4.62
Telvin Smith,2014,g2,11.4360635215022,190.5,98.883056,4.52
Ali Marpet,2015,g1,-28.3553916416314,193.04,139.252744,4.98
Tim Massaquoi,2006,g2,-6.61275929919232,190.5,117.480328,4.85
Ejuan Price,2017,g2,3.76032688029949,180.34,109.315672,4.84
Luke Tenuta,2022,g1,-36.0871866766313,203.2,144.695848,5.41
Jason Avant,2006,g3,15.9142642255062,182.88,96.161504,4.62
Andre Williams,2014,g3,8.60269397853459,180.34,104.32616,4.56
AJ Derby,2015,g2,-5.46420172270177,193.04,115.66596,4.72
Stephen Hill,2012,g3,12.1444059072441,193.04,97.52228,4.36
Jordan Willis,2017,g2,-5.46420172270177,193.04,115.66596,4.53
Rob Gronkowski,2010,g2,-10.6507448124477,198.12,119.748288,4.68
Chaz Williams,2007,g3,23.5700104639886,180.34,88.904032,4.68
Shawn Oakman,2016,g2,-22.0003005726746,203.2,130.180904,4.96
Melvin Gordon,2015,g3,13.9813154667562,185.42,97.52228,4.52
Ryquell Armstead,2019,g3,13.0048458860211,180.34,99.79024,4.45
James Morris,2014,g2,2.5357205072914,185.42,109.315672,4.8
Fabian Moreau,2017,g3,18.5555553699981,182.88,93.439952,4.35
Dillon Mitchell,2019,g3,21.9051889002319,185.42,89.357624,4.46
Jurrell Casey,2011,g1,-23.4369757468788,185.42,136.0776,5.04
Jonathan Williams,2016,g3,13.0048458860211,180.34,99.79024,4.56
Jason Verrett,2014,g3,27.8761231722372,175.26,85.728888,4.38
Chris Miller,2020,g3,26.2113016084805,180.34,86.18248,4.61
Justice Hill,2019,g3,23.3018832689953,177.8,89.811216,4.4
Jack Williams,2008,g3,29.1967687444831,175.26,84.368112,4.43
Charles Cross,2022,g1,-28.9676948281355,195.58,139.252744,4.95
Shawn Loiseau,2012,g2,1.82737812154951,182.88,110.676448,4.74
Nate Clements,2001,g3,17.8472129842562,180.34,94.800728,4.38
Reggie White,2001,g3,8.87082117352785,182.88,103.418976,4.58
Siran Neal,2018,g3,21.6370617052386,182.88,90.264808,4.56
A.J. Hawk,2006,g2,-0.545785827949126,185.42,112.490816,4.59
Bo Smith,2007,g3,25.5029592227386,177.8,87.543256,4.44
Marc Anthony,2013,g3,23.5700104639886,180.34,88.904032,4.63
Letroy Guion,2008,g1,-25.9822276921328,190.5,137.438376,5.31
DeAndre Wright,2009,g3,22.6895800824913,180.34,89.811216,4.52
Shawn Crable,2008,g2,-1.67435300171934,195.58,111.13004,4.61
J.R. Tavai,2015,g2,-1.59830420520181,187.96,112.944408,4.91
Roderick Green,2004,g2,0.162556557792777,187.96,111.13004,4.7
Abraham Wright,2007,g2,1.48320213003872,187.96,109.769264,4.9
Raynoch Thompson,2000,g2,10.5556331400049,190.5,99.79024,4.65
Antwaan Randle El,2002,g3,26.3833896042359,177.8,86.636072,4.49
Taveze Calhoun,2016,g3,24.7185680404791,182.88,87.089664,4.58
Tank Johnson,2004,g1,-26.4224428828814,190.5,137.891968,4.69
Leonard Floyd,2016,g2,-1.84644099747473,198.12,110.676448,4.6
Chris Bell,2010,g3,15.1298730432468,187.96,95.707912,4.5
Devin Bush,2019,g2,6.84183321554,180.34,106.140528,4.43
Justin Fargas,2003,g3,12.2204547037616,185.42,99.336648,4.35
Tye Smith,2015,g3,23.3979224682332,182.88,88.45044,4.6
Cameron Artis-Payne,2015,g3,17.1388705985143,177.8,96.161504,4.53
Dion Dawkins,2017,g1,-31.4368979768719,193.04,142.427888,5.11
Craig Steltz,2008,g3,14.8617458482535,185.42,96.615096,4.63
Sean Guthrie,2002,g2,-11.6272143931828,193.04,122.016248,4.88
Markus Steele,2001,g2,5.27305085102114,190.5,105.233344,4.62
Sheldon Richardson,2013,g1,-21.4079877888909,187.96,133.356048,5.02
David Arkin,2011,g1,-25.8861884928949,195.58,136.0776,5.31
Jermaine Waller,2022,g3,30.0011503294629,182.88,81.64656,4.68
Tevin Carter,2016,g3,12.6606698945103,185.42,98.883056,4.48
Jose Valdez,2009,g1,-31.8771131676206,193.04,142.88148,5.16
Karlos Williams,2015,g3,7.37808760552651,185.42,104.32616,4.48
Travis Henry,2001,g3,12.9088066867832,175.26,101.151016,4.61
Myron Cunningham,2022,g1,-34.6904923078679,195.58,145.14944,5.38
Mortty Ivy,2009,g2,-0.545785827949126,185.42,112.490816,4.78
DeMarco McNeil,2004,g1,-27.8391276543652,185.42,140.61352,5.32
Chris Johnson,2008,g3,23.1297952732399,180.34,89.357624,4.24
Jerome Baker,2018,g2,7.81830279627516,185.42,103.872568,4.53
Doug Datish,2007,g1,-26.1543156878882,193.04,136.984784,5.13
Geronimo Allison,2016,g3,21.1207977179724,190.5,88.904032,4.67
Daryl Towns,2004,g2,10.6316819365224,182.88,101.604608,4.57
Kenny Clark,2016,g1,-30.8245947903679,190.5,142.427888,5.06
Cole Strange,2022,g1,-28.9676948281355,195.58,139.252744,5.03
Kenneth Dixon,2016,g3,15.8182250262683,177.8,97.52228,4.56
K.J. Malone,2018,g1,-26.5945308786368,193.04,137.438376,5.34
Maurice Mann,2004,g3,24.5464800447237,185.42,86.636072,4.57
Nephi Sewell,2022,g2,9.75125155502514,182.88,102.511792,4.67
DeSean Jackson,2008,g3,36.0681238007061,177.8,76.657048,4.35
Nick Vigil,2016,g2,2.80384770228465,187.96,108.408488,4.72
Brandon Marshall,2012,g2,2.09550531654276,185.42,109.769264,4.72
Jalen Ramsey,2016,g3,16.6226066112481,185.42,94.800728,4.41
Alfonzo Dennard,2012,g3,20.6605921245034,177.8,92.532768,4.48
James Hanna,2012,g2,-4.14355615045583,193.04,114.305184,4.43
Derrek Tuszka,2020,g2,-3.70334095970718,193.04,113.851592,4.79
Cecil Sapp,2003,g3,9.04290916928324,180.34,103.872568,4.55
Ray Willis,2005,g1,-38.3843018296124,198.12,148.324584,5.18
Tegray Scales,2018,g2,7.99039079203056,182.88,104.32616,4.77
Kareem Hunt,2017,g3,15.3780098355197,177.8,97.975872,4.62
Chukky Okobi,2001,g1,-30.4804187988571,185.42,143.335072,5.27
Ufomba Kamalu,2016,g2,-23.6851125391517,195.58,133.80964,5.01
Logan Wilson,2020,g2,1.92341732078737,187.96,109.315672,4.63
Cody Brown,2009,g2,0.602771748541425,187.96,110.676448,4.76
Brandon Ghee,2010,g3,24.7185680404791,182.88,87.089664,4.37
David Bell,2022,g3,15.3019610390022,185.42,96.161504,4.65
Devaunte Sigler,2016,g1,-23.7811517383895,190.5,135.170416,5.15
Nick Becton,2013,g1,-36.0111378801138,195.58,146.510216,5.2
Jayden Peevy,2022,g1,-29.4079100188841,195.58,139.706336,5.3
Keyarris Garrett,2016,g3,10.5556331400049,190.5,99.79024,4.53
Anthony Henry,2001,g3,21.4649737094832,185.42,89.811216,4.6
Tim Brown,2005,g1,-33.1977587398665,193.04,144.242256,5.6
Brandon Aiyuk,2020,g3,18.9957705607467,182.88,92.98636,4.5
Brandon Moore,2002,g2,3.41615088878869,185.42,108.408488,4.61
Xavier Woods,2017,g3,23.1297952732399,180.34,89.357624,4.54
Devon Williams,2022,g3,13.7331786744833,195.58,95.25432,4.65
Ciron Black,2010,g1,-37.1596954566043,193.04,148.324584,5.53
Erik Lorig,2010,g2,-16.2974934956625,190.5,127.459352,4.86
Andrew Jackson,2011,g1,-25.4459733021463,195.58,135.624008,5.27
Donnell Washington,2004,g1,-39.9730745968516,195.58,150.592544,5
Kyle Murphy,2020,g1,-31.7050251718652,190.5,143.335072,5.3
Kenneth Grant,2001,g3,20.6605921245034,177.8,92.532768,4.53
Steve Justice,2008,g1,-21.5800757846463,190.5,132.902456,5.24
James Hall,2000,g2,-11.283038401672,187.96,122.923432,5.03
Taylor Lewan,2014,g1,-31.0727315826408,200.66,140.159928,4.87
Vincent Fuller,2005,g3,25.426910426221,185.42,85.728888,4.44
Kalon Barnes,2022,g3,28.680504757217,182.88,83.007336,4.23
Zach Hurd,2011,g1,-34.1542379178813,200.66,143.335072,5.28
Jay Richardson,2007,g2,-17.2539726736774,198.12,126.552168,5
Ahmad Carroll,2004,g3,24.6225288412413,177.8,88.45044,4.34
Trey Quinn,2018,g3,20.4885041287481,180.34,92.079176,4.55
Rashaad Reynolds,2014,g3,27.2638199857332,177.8,85.728888,4.51
Jalen Saunders,2014,g3,38.4412877502047,175.26,74.84268,4.44
Derrick Burgess,2001,g2,-8.20153206643152,187.96,119.748288,4.92
Markquese Bell,2022,g3,14.6896578524981,187.96,96.161504,4.41
Darrell Adams,2006,g2,-15.761239105676,195.58,125.644984,5
Lawrence Jackson,2008,g2,-12.5076447746801,193.04,122.923432,4.82
Reuben Houston,2006,g3,24.7185680404791,182.88,87.089664,4.62
Jonathan Clinkscale,2005,g1,-30.6525067946125,187.96,142.88148,5.51
Terry Beckner,2019,g2,-23.5130245433963,193.04,134.263232,5.19
Carlos Rogers,2005,g3,22.9577072774845,182.88,88.904032,4.44
James Carpenter,2011,g1,-34.5184043121124,193.04,145.603032,5.22
Joe Reed,2020,g3,10.6316819365224,182.88,101.604608,4.47
Erik Pears,2005,g1,-33.0056803413908,203.2,141.520704,5.12
Adrian Awasom,2005,g2,-16.0293663006693,193.04,126.552168,4.93
Michael Oher,2009,g1,-29.2358220231287,193.04,140.159928,5.16
Martin Bibla,2002,g1,-27.3028732643787,190.5,138.799152,5.08
Jeremy Thompson,2008,g2,-9.4261384394396,193.04,119.748288,4.75
Matt Judon,2016,g2,-13.6562023511707,190.5,124.7378,4.73
Jamari Staples,2017,g3,21.5610129087211,190.5,88.45044,4.51
Ryan Carrethers,2014,g1,-39.7249378045787,185.42,152.860504,5.47
Mike Bennett,2015,g1,-20.9677725981423,187.96,132.902456,5.04
Jerel Worthy,2012,g1,-27.571000459372,187.96,139.706336,5
Jeremy Zuttah,2008,g1,-25.9822276921328,190.5,137.438376,4.99
Courtney Anderson,2004,g2,-12.8518207661909,198.12,122.016248,4.89
Antonio Gibson,2020,g3,8.87082117352785,182.88,103.418976,4.39
Isaiah Lewis,2014,g3,17.5790857892629,177.8,95.707912,4.6
Cameron Clear,2015,g1,-15.761239105676,195.58,125.644984,4.98
Max Bullough,2014,g2,-2.21060739170585,190.5,112.944408,4.78
David Warren,2001,g2,-3.3591649681964,187.96,114.758776,4.73
Kamerion Wimbley,2006,g2,-2.38269538746124,193.04,112.490816,4.61
Darrion Scott,2004,g2,-19.8192150216517,190.5,131.088088,4.81
Carl Granderson,2019,g2,-5.63628971845717,195.58,115.212368,4.79
Austin Mack,2020,g3,17.0628218019967,185.42,94.347136,4.59
JuJu Smith-Schuster,2017,g3,13.9813154667562,185.42,97.52228,4.54
Jerry Johnson,2000,g1,-19.7431662251342,182.88,132.902456,5.03
Dustin Keller,2008,g2,1.48320213003872,187.96,109.769264,4.53
Dewayne Robertson,2003,g1,-30.9206339896058,185.42,143.788664,5.15
Tyson Jackson,2009,g2,-23.5130245433963,193.04,134.263232,4.94
Jason Pinkston,2011,g1,-32.1452403626138,190.5,143.788664,5.39
Jamarius Way,2019,g3,12.7567090937481,190.5,97.52228,4.63
Tharold Simon,2013,g3,19.0918097599846,187.96,91.625584,4.51
Isaiah McKenzie,2017,g3,36.1441725972236,170.18,78.471416,4.42
Julian Peterson,2000,g2,4.4886596687617,195.58,104.779752,4.68
Jason Doering,2001,g3,20.9287193194967,180.34,91.625584,4.73
Michael Roberts,2017,g2,-12.0674295839315,193.04,122.46984,4.86
Jake Grove,2004,g1,-25.9822276921328,190.5,137.438376,5.16
Dane Cruikshank,2018,g3,17.943252183494,185.42,93.439952,4.41
Gavin Escobar,2013,g2,-6.24859290496121,198.12,115.212368,4.84
Brandon Thomas,2014,g1,-32.1452403626138,190.5,143.788664,5.09
A.J. Jefferson,2010,g3,24.2783528497305,182.88,87.543256,4.42
Chad Ward,2001,g1,-34.5184043121124,193.04,145.603032,5.23
Jonathan Jones,2016,g3,29.1967687444831,175.26,84.368112,4.33
Breeland Speaks,2018,g1,-17.1779238771598,190.5,128.366536,4.87
Tytus Howard,2019,g1,-35.5709226893652,195.58,146.056624,5.05
Bennett Jackson,2014,g3,23.3979224682332,182.88,88.45044,4.51
Blake Martinez,2016,g2,3.68427808378194,187.96,107.501304,4.71
Hunter Renfrow,2019,g3,29.4648959394764,177.8,83.460928,4.59
Senquez Golson,2015,g3,33.5989206519696,175.26,79.832192,4.46
Martin Rucker,2008,g2,-4.31564414621123,195.58,113.851592,4.75
Kealoha Pilares,2011,g3,22.8616680782467,177.8,90.264808,4.42
Corey Levin,2017,g1,-28.3553916416314,193.04,139.252744,5.16
Chad Johnson,2001,g3,24.1062648539751,185.42,87.089664,4.57
Marcus Hardison,2015,g1,-27.7430884551274,190.5,139.252744,4.91
Ken Webster,2019,g3,20.4885041287481,180.34,92.079176,4.43
Phil Haynes,2019,g1,-34.9586195028611,193.04,146.056624,5.2
Arnold Parker,2004,g3,14.2494426617495,187.96,96.615096,4.54
Matt Reynolds,2012,g1,-26.1543156878882,193.04,136.984784,5.27
Cato June,2003,g3,13.2729730810143,182.88,98.883056,4.61
Dale Robinson,2006,g2,7.55017560128191,182.88,104.779752,4.76
Larry Foster,2000,g3,23.3018832689953,177.8,89.811216,4.55
Mason Cole,2018,g1,-28.3553916416314,193.04,139.252744,5.23
Shaquill Griffin,2017,g3,23.8381376589818,182.88,87.996848,4.38
Carlton Powell,2008,g1,-20.5275574073936,187.96,132.448864,5.1
Kevin Peterson,2016,g3,30.7855415117223,177.8,82.100152,4.58
Cameron Stephenson,2007,g1,-27.3028732643787,190.5,138.799152,5.4
Joshua Garnett,2016,g1,-30.5564675953746,193.04,141.520704,5.32
Malcolm Rodriguez,2022,g2,7.7222635970373,180.34,105.233344,4.52
Correll Buckhalter,2001,g3,9.75125155502514,182.88,102.511792,4.53
Tab Perry,2005,g3,7.20599960977112,187.96,103.872568,4.46
Dekoda Watson,2010,g2,2.97593569804005,185.42,108.86208,4.55
Kevin Smith,2008,g3,13.1008850852589,185.42,98.429464,4.53
Kalija Lipscomb,2020,g3,18.1153401792494,182.88,93.893544,4.57
Vaughn Meatoga,2012,g1,-20.7956846023869,185.42,133.356048,4.93
Jermaine Chatman,2002,g3,28.4123775622237,180.34,83.91452,4.55
Corey Liuget,2011,g1,-23.1688485518855,187.96,135.170416,4.97
Daryl Dixon,2004,g3,24.6225288412413,177.8,88.45044,4.77
Jake Bequette,2012,g2,-14.4405935334301,195.58,124.284208,4.75
Jerry Tillery,2019,g2,-24.2974157256557,198.12,133.80964,4.93
Chris Whaley,2014,g1,-11.0149112066788,190.5,122.016248,5.02
Dennis Norman,2001,g1,-27.4749612601341,193.04,138.34556,5.16
Jarrod Cooper,2001,g3,11.5121123180197,182.88,100.697424,4.45
Raphael Kirby,2016,g2,5.34909964753867,182.88,107.047712,4.72
Aaron Mellette,2013,g3,12.4885818987549,187.96,98.429464,4.54
Loni Fangupo,2012,g1,-33.5619251340976,185.42,146.510216,5.12
Jason Scukanec,2002,g1,-25.8101396963774,187.96,137.891968,5.33
Bobby Myers,2000,g3,28.0682015707129,185.42,83.007336,4.56
Cooper Carlisle,2000,g1,-24.565542920649,195.58,134.716824,5.16
Matthew Rice,2006,g2,-12.5076447746801,193.04,122.923432,4.89
Jamal Custis,2019,g3,12.5846210979928,193.04,97.068688,4.5
Minkah Fitzpatrick,2018,g3,20.1443281372373,185.42,91.171992,4.46
Derwin James,2018,g3,12.7567090937481,190.5,97.52228,4.47
Dan Stricker,2003,g3,18.6515945692359,187.96,92.079176,4.68
David Thornton,2002,g2,4.12449327453059,187.96,107.047712,4.62
Liam Ezekiel,2005,g2,-0.373697832193728,182.88,112.944408,4.81
J.J. Taylor,2020,g3,32.0861966812479,165.1,83.91452,4.61
Durell Mapp,2008,g2,8.69873317777245,185.42,102.965384,4.71
Luke Kuechly,2012,g2,0.870898943534681,190.5,109.769264,4.58
Eric Green,2005,g3,22.6895800824913,180.34,89.811216,4.52
Tyrone Moss,2007,g3,9.38708516079403,175.26,104.779752,4.75
James Starks,2010,g3,12.0483667080062,187.96,98.883056,4.5
Paul Thompson,2007,g3,11.7041907164955,193.04,97.975872,4.62
Erik Austell,2017,g1,-25.1017973106355,190.5,136.531192,5.23
Fabian Washington,2005,g3,27.7040351764818,177.8,85.275296,4.29
Kawann Short,2013,g1,-24.2213669291382,190.5,135.624008,5.08
Albert Huggins,2019,g2,-26.8626580736301,190.5,138.34556,5.12
Domonique Foxworth,2005,g3,28.8525927529724,180.34,83.460928,4.34
Deon Long,2015,g3,24.7185680404791,182.88,87.089664,4.51
Chad Jackson,2006,g3,14.8617458482535,185.42,96.615096,4.32
Eric Kendricks,2015,g2,7.10996041053326,182.88,105.233344,4.61
Max Jean-Gilles,2006,g1,-49.4857207975664,193.04,161.02516,5.48
Daimion Stafford,2013,g3,11.9523275087684,182.88,100.243832,4.69
Ben Miller,2002,g1,-7.76131687568287,187.96,119.294696,4.92
Rondell Mealey,2000,g3,15.9142642255062,182.88,96.161504,4.69
Jarrad Page,2006,g3,4.02845407529273,182.88,108.408488,4.63
Cody Spencer,2004,g2,1.48320213003872,187.96,109.769264,4.65
Josh Lay,2006,g3,22.5174920867359,182.88,89.357624,4.48
Ed Ingram,2022,g1,-27.7430884551274,190.5,139.252744,5.02
Jamie Winborn,2001,g2,9.04290916928324,180.34,103.872568,4.63
Dominique Rodgers-Cromartie,2008,g3,27.6279863799643,185.42,83.460928,4.29
Kevin Emanuel,2004,g2,-3.70334095970718,193.04,113.851592,4.84
Montee Ball,2013,g3,16.258440217017,177.8,97.068688,4.66
Cam Thomas,2010,g1,-38.4803410288503,193.04,149.68536,5.16
Anthony Adams,2003,g1,-22.3844573696261,182.88,135.624008,5.13
Ronnie Ghent,2004,g2,-1.15808901445316,187.96,112.490816,5.02
Manaia Brown,2006,g1,-25.1017973106355,190.5,136.531192,5.1
Lamarr Houston,2010,g1,-26.8626580736301,190.5,138.34556,4.84
DeAndre Jackson,2007,g3,24.8906560362345,180.34,87.543256,4.48
Slade Bolden,2022,g3,24.8906560362345,180.34,87.543256,4.66
Stuart Schweigert,2004,g3,12.0483667080062,187.96,98.883056,4.47
Aaron Schobel,2001,g2,-8.98592324869095,193.04,119.294696,4.75
Mark Wilson,2004,g1,-33.2738075363841,200.66,142.427888,5.36
Kory Lichtensteiger,2008,g1,-23.1688485518855,187.96,135.170416,5.25
Edwin Williams,2009,g1,-27.571000459372,187.96,139.706336,5.4
Nathan Vasher,2004,g3,32.5464022747169,177.8,80.285784,4.49
Isaac Nauta,2019,g2,-0.00953143796261358,190.5,110.676448,4.91
Coye Francies,2009,g3,27.8000743757197,182.88,83.91452,4.63
Bruce Campbell,2010,g1,-32.66150434988,198.12,142.427888,4.75
Lardarius Webb,2009,g3,31.6659718932196,177.8,81.192968,4.35
Zeke Moreno,2001,g2,-1.15808901445316,187.96,112.490816,4.76
Earnest Graham,2003,g3,12.0283763052859,175.26,102.0582,4.5
Derrick Hamilton,2004,g3,21.1207977179724,190.5,88.904032,4.54
Dominique Barber,2008,g3,16.7946946070035,182.88,95.25432,4.68
Karl Klug,2011,g2,-13.6562023511707,190.5,124.7378,4.85
Derrick Chambers,2001,g1,-24.8336701156422,193.04,135.624008,4.98
Jamal Davis,2019,g2,0.430683752786034,190.5,110.222856,4.6
Ryan Baker,2012,g2,7.7222635970373,180.34,105.233344,4.8
Justin Shaffer,2022,g1,-31.4368979768719,193.04,142.427888,5.14
Javarris Williams,2009,g3,12.9088066867832,175.26,101.151016,4.51
Desmond Harrison,2018,g1,-22.9767701534098,198.12,132.448864,4.9
David Quessenberry,2013,g1,-26.7666188743922,195.58,136.984784,5.08
Andrew Thomas,2020,g1,-32.4894163541246,195.58,142.88148,5.22
Josh Buhl,2004,g2,20.0482889379994,180.34,92.532768,4.73
Tyreo Harrison,2002,g2,3.24406289303329,187.96,107.954896,4.87
Efrem Hill,2005,g3,30.4413655202116,182.88,81.192968,4.58
Mike Edwards,2013,g3,27.8761231722372,175.26,85.728888,4.56
Cliff Avril,2008,g2,-3.97146815470044,190.5,114.758776,4.51
Justin Jones,2018,g1,-28.0112156501206,187.96,140.159928,5.09
Earl Thomas,2010,g3,18.8997313615089,177.8,94.347136,4.43
Clint Boling,2011,g1,-29.4079100188841,195.58,139.706336,5.28
Brian Paysinger,2008,g3,17.33094899699,187.96,93.439952,4.55
Cierre Wood,2013,g3,16.0863522212616,180.34,96.615096,4.56
John Crockett,2015,g3,13.713188271763,182.88,98.429464,4.62
Kenny Golladay,2017,g3,10.8237603349982,193.04,98.883056,4.5
Oli Udoh,2019,g1,-36.0111378801138,195.58,146.510216,5.05
Nic Jacobs,2014,g2,-12.2395175796869,195.58,122.016248,4.89
Adam Shead,2015,g1,-42.0020625548395,193.04,153.314096,5.74
Devon Still,2012,g1,-27.2068340651409,195.58,137.438376,5.01
Paul Toviessi,2001,g2,-8.88988404945309,198.12,117.93392,4.78
Rob Hunt,2005,g1,-25.7141004971395,193.04,136.531192,4.96
Mike Williams,2010,g3,11.3400243222643,185.42,100.243832,4.53
Tyeler Davison,2015,g1,-31.0927219853611,187.96,143.335072,5.18
Sio Moore,2013,g2,0.774859744296816,185.42,111.13004,4.65
Jarrett Boykin,2012,g3,12.4885818987549,187.96,98.429464,4.62
Rushel Shell III,2017,g3,10.5356427372846,177.8,102.965384,4.74
Mike Hull,2015,g2,4.90888445679002,182.88,107.501304,4.68
David Harris,2007,g2,1.04298693929007,187.96,110.222856,4.59
Tyrone Goard,2013,g3,16.5465578147306,193.04,92.98636,4.5
Clyde Gates,2011,g3,24.7185680404791,182.88,87.089664,4.31
Cyhl Quarles,2012,g3,14.8617458482535,185.42,96.615096,4.54
Marlion Jackson,2000,g3,2.09550531654276,185.42,109.769264,4.6
Ugo Amadi,2019,g3,23.4739712647507,175.26,90.264808,4.51
Nicholas Williams,2013,g1,-29.2358220231287,193.04,140.159928,4.94
Adrian Clayborn,2011,g2,-16.2974934956625,190.5,127.459352,4.78
Vince Manuwai,2003,g1,-25.8101396963774,187.96,137.891968,5.06
Isiah Pacheco,2022,g3,15.3780098355197,177.8,97.975872,4.37
Quincy Wilson,2004,g3,12.0283763052859,175.26,102.0582,4.6
Linval Joseph,2010,g1,-37.599910647353,193.04,148.778176,5.09
Lawrence Thomas,2016,g1,-18.4985694494058,190.5,129.727312,4.98
Brandon Williams,2016,g3,23.1297952732399,180.34,89.357624,4.37
Shaquille Quarterman,2020,g2,6.22953002903597,182.88,106.140528,4.74
Alijah Holder,2019,g3,24.5464800447237,185.42,86.636072,4.6
Delano Howell,2012,g3,17.4069977935075,180.34,95.25432,4.61
Foley Fatukasi,2018,g1,-33.1977587398665,193.04,144.242256,5.29
Jarvis Borum,2001,g1,-41.1976809698597,200.66,150.592544,5.05
Brian Natkin,2001,g2,-2.47873458669911,187.96,113.851592,4.95
Barry Church,2010,g3,10.8998091315157,185.42,100.697424,4.69
Jeffrey Gunter,2022,g2,-6.78484729494771,193.04,117.026736,4.7
Ryan Bates,2019,g1,-27.9151764508828,193.04,138.799152,5.09
Jack Tocho,2017,g3,20.3164161329927,182.88,91.625584,4.54
Jordan Todman,2011,g3,21.7131105017561,175.26,92.079176,4.4
Terrence Kiel,2003,g3,20.0482889379994,180.34,92.532768,4.46
David Johnson,2015,g3,10.0193787500184,185.42,101.604608,4.5
Keith Jackson,2007,g1,-25.025748514118,182.88,138.34556,5.05
Marcell Ateman,2018,g3,11.7041907164955,193.04,97.975872,4.62
Travis Taylor,2000,g3,21.0247585187346,185.42,90.264808,4.43
Myron Lewis,2010,g3,18.6515945692359,187.96,92.079176,4.42
Jon Feliciano,2015,g1,-35.3988346936097,193.04,146.510216,5.33
David Stewart,2005,g1,-32.66150434988,198.12,142.427888,5.25
Dontari Poe,2012,g1,-44.9114808943246,190.5,156.942832,4.89
Quintez Cephus,2020,g3,19.7041129464886,185.42,91.625584,4.73
Chris Daniels,2000,g3,11.8762787122508,190.5,98.429464,4.74
Brandon Moore,2002,g1,-21.5800757846463,190.5,132.902456,5.26
Keanu Neal,2016,g3,16.3544794162549,182.88,95.707912,4.62
Chris Boyd,2014,g3,16.1063426239819,193.04,93.439952,4.73
Bobby Evans,2019,g1,-30.5564675953746,193.04,141.520704,5.2
Elliot Silvers,2001,g1,-48.2411240218381,200.66,157.850016,5.43
Hall Davis,2010,g2,-12.5076447746801,193.04,122.923432,4.84
Eric McCoo,2002,g3,16.258440217017,177.8,97.068688,4.55
Edmund Kugbila,2013,g1,-32.7575435491179,193.04,143.788664,5.13
Shawn Worthen,2001,g1,-27.8391276543652,185.42,140.61352,5.18
Pharoh Cooper,2016,g3,20.4885041287481,180.34,92.079176,4.52
Derrick Dockery,2003,g1,-47.1886056445854,198.12,157.396424,5.58
Chris Conley,2015,g3,14.2494426617495,187.96,96.615096,4.35
Antoine Bethea,2006,g3,20.4885041287481,180.34,92.079176,4.39
Tyson Alualu,2010,g2,-21.8482029796396,187.96,133.80964,4.87
J.R. Tolver,2003,g3,19.7041129464886,185.42,91.625584,4.67
Marion Barber,2005,g3,12.5646306952724,180.34,100.243832,4.49
Danny Johnson,2018,g3,29.0246807487277,177.8,83.91452,4.44
Luke Staley,2002,g3,8.69873317777245,185.42,102.965384,4.42
Michael Buchanan,2013,g2,-6.07650490920582,195.58,115.66596,4.78
KaMichael Hall,2007,g2,8.87082117352785,182.88,103.418976,4.77
Justin Peelle,2002,g2,-5.46420172270177,193.04,115.66596,4.75
Maxx Crosby,2019,g2,-6.07650490920582,195.58,115.66596,4.66
Richmond Flowers,2001,g3,24.0102256547372,180.34,88.45044,4.55
Joe Williams,2017,g3,17.4069977935075,180.34,95.25432,4.41
Kevin Kasper,2001,g3,21.6370617052386,182.88,90.264808,4.42
Corey Hall,2001,g3,20.2403673364751,190.5,89.811216,4.5
Chris Chancellor,2010,g3,33.158705461221,175.26,80.285784,4.49
Connor Barwin,2009,g2,-5.90441691345042,193.04,116.119552,4.47
Adam Gotsis,2016,g1,-19.5510878266585,193.04,130.180904,4.88
Josh Norman,2002,g2,4.12449327453059,187.96,107.047712,4.65
Eddy Wilson,2018,g1,-25.7141004971395,193.04,136.531192,5.37
Robert Geathers,2004,g2,-11.8953415881761,190.5,122.923432,4.84
Johnny Dingle,2008,g2,-8.02944407067613,185.42,120.20188,4.95
James Conner,2017,g3,6.05744203328057,185.42,105.686936,4.65
Janoris Jenkins,2012,g3,25.5029592227386,177.8,87.543256,4.41
Justin Houston,2011,g2,-11.4551263974274,190.5,122.46984,4.62
Mackensie Alexander,2016,g3,26.8236047949845,177.8,86.18248,4.43
Lamont Bryant,2000,g2,-7.05297448994097,190.5,117.93392,4.91
O.J. Murdock,2011,g3,23.742098459744,177.8,89.357624,4.5
Joe Odom,2003,g2,2.5357205072914,185.42,109.315672,4.6
Jaylen Watson,2022,g3,21.2928857137278,187.96,89.357624,4.51
Josh Stewart,2014,g3,32.1061870839683,177.8,80.739376,4.69
Max Redfield,2018,g3,18.3834673742427,185.42,92.98636,4.69
Kenny Stills,2013,g3,23.8381376589818,182.88,87.996848,4.38
Emmett Cleary,2013,g1,-34.1542379178813,200.66,143.335072,5.21
Will Richardson,2018,g1,-29.1397828238908,198.12,138.799152,5.26
Joseph Jefferson,2002,g3,19.6080737472508,180.34,92.98636,4.39
Jerome Carter,2005,g3,13.0048458860211,180.34,99.79024,4.47
Evan Engram,2017,g2,4.39262046952384,190.5,106.140528,4.42
Shaun McDonald,2003,g3,37.2927301737142,172.72,76.657048,4.43
Demontray Carter,2002,g3,26.3833896042359,177.8,86.636072,4.52
Tyler Matakevich,2016,g2,4.46866926604138,182.88,107.954896,4.81
Jeff Heuerman,2015,g2,-5.63628971845717,195.58,115.212368,4.81
Marcus Gilchrist,2011,g3,24.6225288412413,177.8,88.45044,4.45
Brian Poli-Dixon,2002,g3,13.7331786744833,195.58,95.25432,4.48
Adam Jennings,2006,g3,31.3978446982264,175.26,82.100152,4.44
Dennis Roland,2006,g1,-41.2737297663772,208.28,148.778176,5.28
Steve Octavien,2008,g2,4.46866926604138,182.88,107.954896,4.67
Austin Hooper,2016,g2,-5.02398653195312,193.04,115.212368,4.72
Craig Loston,2014,g3,13.1008850852589,185.42,98.429464,4.65
Brodney Pool,2005,g3,17.5030369927454,185.42,93.893544,4.52
LaMichael James,2012,g3,26.287350404998,172.72,87.996848,4.35
Taywan Taylor,2017,g3,20.4885041287481,180.34,92.079176,4.5
Eric Steinbach,2003,g1,-25.177846107153,198.12,134.716824,4.96
Destry Wright,2000,g3,14.7657066490157,180.34,97.975872,4.84
Michael Toudouze,2006,g1,-27.8191372516449,198.12,137.438376,5.12
Martin Ifedi,2015,g2,-13.6562023511707,190.5,124.7378,4.88
Garrett Wilson,2022,g3,28.680504757217,182.88,83.007336,4.38
Dre'Mont Jones,2019,g2,-16.2974934956625,190.5,127.459352,5.12
Cameron Erving,2015,g1,-31.6089859726273,195.58,141.974296,5.15
Keiland Williams,2010,g3,7.28204840628865,180.34,105.686936,4.52
Marquise Hill,2004,g2,-29.3118708196462,200.66,138.34556,5.12
Kayvon Thibodeaux,2022,g2,-5.02398653195312,193.04,115.212368,4.58
Kory Sperry,2009,g2,1.40715333352117,195.58,107.954896,4.69
Amani Oruwariye,2019,g3,17.7711641877386,187.96,92.98636,4.47
Bronson Kaufusi,2016,g2,-19.8952638181693,198.12,129.27372,4.87
Zac Stacy,2013,g3,16.6026162085278,172.72,97.975872,4.55
Jordan Carstens,2004,g1,-28.0872644466382,195.58,138.34556,5
Jason Babin,2004,g2,-7.05297448994097,190.5,117.93392,4.62
Joseph Hayes,2004,g1,-30.116252404626,193.04,141.067112,5.67
Nate Salley,2006,g3,12.9287970895035,187.96,97.975872,4.63
Corey Coleman,2016,g3,24.4504408454859,180.34,87.996848,4.42
Zach Hilton,2003,g2,-10.9949208039585,203.2,118.841104,4.83
Jerron Wishom,2005,g3,24.2783528497305,182.88,87.543256,4.5
Chris Long,2008,g2,-12.3355567789247,190.5,123.377024,4.75
Chris Rucker,2011,g3,23.3979224682332,182.88,88.45044,4.54
Delvon Flowers,2002,g3,21.809149700994,180.34,90.7184,4.67
John Wendling,2007,g3,10.8998091315157,185.42,100.697424,4.48
A.J. Green,2011,g3,13.9052666702387,193.04,95.707912,4.48
Jerard Rabb,2007,g3,19.5320249507332,187.96,91.171992,4.58
Marcus Bell,2000,g2,3.68427808378194,187.96,107.501304,4.78
Willie Pile,2003,g3,17.33094899699,187.96,93.439952,4.57
Drew Radovich,2008,g1,-25.7141004971395,193.04,136.531192,5.33
T.Y. Hilton,2012,g3,30.5174143167291,175.26,83.007336,4.34
Kolton Miller,2018,g1,-32.2973379556489,205.74,140.159928,4.95
Matt Slauson,2009,g1,-32.9296315448733,195.58,143.335072,5.26
Alec Lemon,2013,g3,19.7041129464886,185.42,91.625584,4.59
Sean Tufts,2004,g2,0.258595757030643,193.04,109.769264,4.61
Anthony Walker Jr.,2017,g2,3.85636607953733,185.42,107.954896,4.65
Nate Harris,2007,g2,7.99039079203056,182.88,104.32616,4.6
Brooks Reed,2011,g2,-7.76131687568287,187.96,119.294696,4.65
Josh Harper,2015,g3,24.5464800447237,185.42,86.636072,4.64
Darell Scott,2009,g1,-29.9441644088706,190.5,141.520704,4.92
Nehemiah Warrick,2008,g3,15.7421762297508,185.42,95.707912,4.51
Robert Woods,2013,g3,20.7566313237413,182.88,91.171992,4.51
Dres Anderson,2015,g3,26.3073408077183,185.42,84.821704,4.54
Jason Jones,2008,g2,-14.0003783426815,195.58,123.830616,4.76
Jeff Chaney,2001,g3,24.8906560362345,180.34,87.543256,4.46
Donovan Warren,2010,g3,24.8906560362345,180.34,87.543256,4.62
Allen Hurns,2014,g3,21.4649737094832,185.42,89.811216,4.55
Michael Bush,2007,g3,1.65529012579411,185.42,110.222856,4.62
Will Ofenheusle,2003,g1,-30.0202132053881,198.12,139.706336,5.35
Andre Hal,2014,g3,27.7040351764818,177.8,85.275296,4.5
Trey DePriest,2015,g2,-2.57477378593696,182.88,115.212368,4.93
Danny Pinter,2020,g1,-27.9151764508828,193.04,138.799152,4.91
Ryan Pickett,2001,g1,-28.0112156501206,187.96,140.159928,5.1
Atcheson Conway,2005,g3,14.0573642632737,177.8,99.336648,4.9
Kevin Beard,2004,g3,30.0011503294629,182.88,81.64656,4.46
Wes Saxton,2015,g2,-1.7703922009572,190.5,112.490816,4.65
Ryan Kalil,2007,g1,-24.2213669291382,190.5,135.624008,4.96
Keenan Burton,2008,g3,20.7566313237413,182.88,91.171992,4.44
Byron Marshall,2016,g3,22.5935408832534,175.26,91.171992,4.42
Trent Taylor,2017,g3,32.0101478847304,172.72,82.100152,4.63
William Joseph,2003,g1,-29.4079100188841,195.58,139.706336,5.18
Justin Warren,2007,g2,-0.449746628711261,190.5,111.13004,4.85
Tim Benford,2012,g3,19.6080737472508,180.34,92.98636,4.51
Mike Williams,2005,g3,5.369090050259,195.58,103.872568,4.56
Chris Rainey,2012,g3,32.4503630754791,172.72,81.64656,4.36
Xavier McKinney,2020,g3,20.7566313237413,182.88,91.171992,4.63
Joe Looney,2012,g1,-28.6235188366247,190.5,140.159928,5.02
Jelani Jenkins,2013,g2,2.26759331229816,182.88,110.222856,4.65
Anthony Kimble,2009,g3,14.1534034625116,182.88,97.975872,4.54
Greg Eslinger,2006,g1,-21.1398605938977,190.5,132.448864,5.13
Ben Heeney,2015,g2,7.55017560128191,182.88,104.779752,4.59
Stacy Andrews,2004,g1,-44.9875296908421,198.12,155.128464,5.07
Ben Grubbs,2007,g1,-29.503949218122,190.5,141.067112,5.18
Ryan Grant,2014,g3,21.6370617052386,182.88,90.264808,4.64
Jonathan Massaquoi,2012,g2,-8.20153206643152,187.96,119.748288,4.81
Matt Roth,2005,g2,-15.5891511099206,193.04,126.098576,4.81
Josh Cooper,2012,g3,26.2113016084805,180.34,86.18248,4.65
Sergio Kindle,2010,g2,-2.6508225824545,190.5,113.398,4.65
Obi Melifonwu,2017,g3,8.18246919050628,193.04,101.604608,4.4
T.J. Ward,2010,g3,17.5790857892629,177.8,95.707912,4.56
Greg Lloyd,2011,g2,0.334644553548169,185.42,111.583632,4.8
Nick Collins,2005,g3,19.1678585565021,180.34,93.439952,4.36
Leonard Henry,2002,g3,17.943252183494,185.42,93.439952,4.57
Dane Belton,2022,g3,18.3834673742427,185.42,92.98636,4.43
Sedrick Hodge,2001,g2,-0.621834624466652,193.04,110.676448,4.49
Otaro Alaka,2019,g2,2.19154451578061,190.5,108.408488,4.82
Keith Ismael,2020,g1,-28.6235188366247,190.5,140.159928,5.34
Jeremiah Johnson,2009,g3,19.0718193572643,175.26,94.800728,4.57
Jevaris Johnson,2001,g2,-6.95693529070311,195.58,116.573144,4.9
Daryn Colledge,2006,g1,-24.8336701156422,193.04,135.624008,5.05
Wendell Mathis,2006,g3,17.4069977935075,180.34,95.25432,4.51
T.J. Johnson,2013,g1,-29.6760372138773,193.04,140.61352,5.33
Rashad Fenton,2019,g3,24.8906560362345,180.34,87.543256,4.52
Terrance Taylor,2009,g1,-25.4659637048666,182.88,138.799152,5.08
Corey Clark,2008,g1,-32.4894163541246,195.58,142.88148,5.28
Eric Page,2012,g3,29.1967687444831,175.26,84.368112,4.5
Alfred Fincher,2005,g2,3.85636607953733,185.42,107.954896,4.68
Ricky Jean-Francois,2009,g1,-22.4605061661436,190.5,133.80964,5.19
Khaled Holmes,2013,g1,-25.5420125013841,190.5,136.984784,5.29
Jamar Adams,2008,g3,14.6896578524981,187.96,96.161504,4.59
Alex Brown,2002,g2,-7.05297448994097,190.5,117.93392,4.74
Jonathan Gray,2000,g1,-42.0020625548395,193.04,153.314096,5.85
Adolphus Washington,2016,g1,-25.1017973106355,190.5,136.531192,5.17
Paul Zukauskas,2001,g1,-28.9676948281355,195.58,139.252744,5.3
Albert Traylor,2001,g1,-27.7430884551274,190.5,139.252744,5.42
T.J. Hollowell,2004,g2,5.78931483828732,182.88,106.59412,4.64
Keith Miller,2000,g2,0.334644553548169,185.42,111.583632,4.97
Jace Sternberger,2019,g2,-3.70334095970718,193.04,113.851592,4.75
Taylor Moton,2017,g1,-34.2502771171192,195.58,144.695848,5.18
Kwon Alexander,2015,g2,8.69873317777245,185.42,102.965384,4.55
Matt Hill,2002,g1,-26.498491679399,198.12,136.0776,5.33
Ed Reynolds,2014,g3,17.5030369927454,185.42,93.893544,4.57
Bruce Branch,2002,g3,25.9431744134872,177.8,87.089664,4.53
Zach Thomas,2022,g1,-29.4079100188841,195.58,139.706336,4.96
Grant Haley,2018,g3,27.4359079814886,175.26,86.18248,4.44
Fred Robbins,2000,g1,-30.5564675953746,193.04,141.520704,5.09
Tarlos Thomas,2001,g1,-41.7339353598462,195.58,152.406912,5.52
Kyle Hix,2011,g1,-35.4748834901273,200.66,144.695848,5.44
Rashard Mendenhall,2008,g3,11.4160731187819,177.8,102.0582,4.41
Curtis Brown,2011,g3,27.8000743757197,182.88,83.91452,4.51
Terrance Pennington,2006,g1,-38.1161746346192,200.66,147.4174,5.39
Isaiah Oliver,2018,g3,24.9866952354724,185.42,86.18248,4.5
Taylor Jacobs,2003,g3,18.9957705607467,182.88,92.98636,4.42
Pearce Slater,2016,g1,-39.8770353976137,200.66,149.231768,5.42
Omar Gaither,2006,g2,5.61722684253192,185.42,106.140528,4.78
Deion Calhoun,2019,g1,-28.4514308408693,187.96,140.61352,5.07
Kenneth Moore,2008,g3,24.0102256547372,180.34,88.45044,4.47
Brandon Smith,2022,g2,-3.26312576895853,193.04,113.398,4.52
A.J. Cann,2015,g1,-30.3843795996193,190.5,141.974296,5.47
Ennis Haywood,2002,g3,14.4975794540224,177.8,98.883056,4.76
Donald Brown,2009,g3,18.0193009800116,177.8,95.25432,4.46
D.J. White,2016,g3,24.8906560362345,180.34,87.543256,4.49
Yamon Figurs,2007,g3,33.2547446604588,180.34,78.925008,4.3
Levi Jones,2002,g1,-27.6470492558895,195.58,137.891968,5.21
Eugene Wilson,2003,g3,25.9431744134872,177.8,87.089664,4.48
Ras-I Dowling,2011,g3,21.4649737094832,185.42,89.811216,4.4
Antwaun Woods,2016,g2,-30.7485459938504,182.88,144.242256,5.18
Dane Jackson,2020,g3,26.9196439942224,182.88,84.821704,4.57
D.J. Williams,2011,g2,0.162556557792777,187.96,111.13004,4.59
Jimmy Bean,2016,g2,-10.0384416259436,195.58,119.748288,4.87
Terrence Cody,2010,g1,-49.0455056068178,193.04,160.571568,5.71
Travis Rudolph,2017,g3,26.0392136127251,182.88,85.728888,4.65
Montre Hartage,2019,g3,26.2113016084805,180.34,86.18248,4.68
Navorro Bowman,2010,g2,2.7078085030468,182.88,109.769264,4.7
Cedric Houston,2005,g3,10.8037699322778,180.34,102.0582,4.61
Shane Ray,2015,g2,-0.449746628711261,190.5,111.13004,4.68
Cedric Benson,2005,g3,12.7367186910278,177.8,100.697424,4.62
Landon Turner,2016,g1,-38.4803410288503,193.04,149.68536,5.58
Alan Zemaitis,2006,g3,23.2258344724778,185.42,87.996848,4.57
Maurice Williams,2001,g1,-27.6470492558895,195.58,137.891968,5.2
Jawan Jamison,2013,g3,22.9377168747642,170.18,92.079176,4.68
Darren Sproles,2005,g3,30.5934631132466,167.64,84.821704,4.47
Idrees Bashir,2001,g3,17.33094899699,187.96,93.439952,4.56
Robert Ayers,2009,g2,-12.3355567789247,190.5,123.377024,4.77
Jeff Faine,2003,g1,-25.9822276921328,190.5,137.438376,5.18
Carlton Mitchell,2010,g3,12.7567090937481,190.5,97.52228,4.46
Antone Exum,2014,g3,15.4740490347576,182.88,96.615096,4.59
Dwight Smith,2001,g3,17.1388705985143,177.8,96.161504,4.51
Jake Fisher,2015,g1,-29.1397828238908,198.12,138.799152,5.01
Ray Hudson,2005,g3,25.9431744134872,177.8,87.089664,4.5
Lawrence Richardson,2004,g3,25.675047218494,175.26,87.996848,4.62
Beau Sandland,2016,g2,-4.58377134120448,193.04,114.758776,4.74
Derrick Henry,2016,g3,-1.33017701020856,190.5,112.037224,4.54
Rees Odhiambo,2016,g1,-31.4368979768719,193.04,142.427888,5.17
Erasmus James,2005,g2,-10.3065688209369,193.04,120.655472,4.81
Ronnie Stanley,2016,g1,-31.7810739683827,198.12,141.520704,5.2
Montaric Brown,2022,g3,22.9577072774845,182.88,88.904032,4.55
L'Jarius Sneed,2020,g3,24.7185680404791,182.88,87.089664,4.37
Jaimie Thomas,2009,g1,-35.3988346936097,193.04,146.510216,5.29
Antonio Morrison,2016,g2,6.49765722402922,185.42,105.233344,4.76
Dominique Alexander,2016,g2,7.10996041053326,182.88,105.233344,4.64
Dwayne Missouri,2001,g2,-7.39715048145176,195.58,117.026736,5.03
Julian Vandervelde,2011,g1,-24.4894941241315,187.96,136.531192,5.12
Tyler Nielsen,2012,g2,2.63175970652926,190.5,107.954896,4.63
Danny Coale,2012,g3,20.7566313237413,182.88,91.171992,4.42
Dan Mozes,2007,g1,-21.5800757846463,190.5,132.902456,5.35
Lynn McGruder,2005,g1,-26.5184820821193,185.42,139.252744,5.01
Kawika Mitchell,2003,g2,-2.74686178169236,185.42,114.758776,4.69
Stanley McClover,2006,g2,-7.32110168493423,187.96,118.841104,4.7
Jeremy Maclin,2009,g3,22.0772768959873,182.88,89.811216,4.43
Ikaika Alama-Francis,2007,g2,-17.081884677922,195.58,127.00576,4.85
Corn Elder,2017,g3,29.905111130225,177.8,83.007336,4.55
Jackson Jeffcoat,2014,g2,-1.33017701020856,190.5,112.037224,4.63
M.J. Stewart,2018,g3,21.809149700994,180.34,90.7184,4.54
Alex Green,2011,g3,10.1914667457738,182.88,102.0582,4.45
Jake Ferguson,2022,g2,-3.87542895546258,195.58,113.398,4.81
Andre Caldwell,2008,g3,19.4359857514954,182.88,92.532768,4.35
Chris Watt,2014,g1,-29.0637340273733,190.5,140.61352,5.5
Michael Huff,2006,g3,19.4359857514954,182.88,92.532768,4.34
Austin Wheatley,2000,g2,-5.02398653195312,193.04,115.212368,4.66
Justin Bates,2003,g1,-25.2738853063909,193.04,136.0776,5.38
Brian Burns,2019,g2,-3.43521376471393,195.58,112.944408,4.53
Matt Leonard,2003,g1,-26.8626580736301,190.5,138.34556,4.97
D'Anton Lynn,2012,g3,18.5555553699981,182.88,93.439952,4.71
Quentin Jammer,2002,g3,19.4359857514954,182.88,92.532768,4.49
Roc Thomas,2018,g3,23.3018832689953,177.8,89.811216,4.56
Jon Beason,2007,g2,4.90888445679002,182.88,107.501304,4.72
Kenyon Coleman,2002,g2,-18.8427454409166,195.58,128.820128,4.97
Pig Prather,2002,g3,21.19684651449,182.88,90.7184,4.48
Jeff Allison,2019,g2,9.48312436003189,180.34,103.418976,4.82
Jake McGee,2016,g2,-3.87542895546258,195.58,113.398,4.83
Robert Ferguson,2001,g3,18.3834673742427,185.42,92.98636,4.48
Leshaun Sims,2016,g3,19.876200942244,182.88,92.079176,4.53
Kevin Hughes,2011,g1,-26.1543156878882,193.04,136.984784,5.31
Reggie Austin,2000,g3,34.0391358427183,175.26,79.3786,4.44
David Clowney,2007,g3,26.4794288034737,182.88,85.275296,4.36
Dontarrious Thomas,2004,g2,1.92341732078737,187.96,109.315672,4.57
Nick Hayden,2008,g1,-21.3119485896531,193.04,131.995272,5.14
Sinorice Moss,2006,g3,30.2492871217358,172.72,83.91452,4.38
Stanford Keglar,2008,g2,2.80384770228465,187.96,108.408488,4.58
Zach Quaccia,2002,g1,-29.2358220231287,193.04,140.159928,5.37
Matt Wilhelm,2003,g2,-1.0620498152153,193.04,111.13004,4.8
David Pittman,2006,g3,29.7330231344696,180.34,82.553744,4.44
Luke Wattenberg,2022,g1,-24.8336701156422,193.04,135.624008,5.2
Marc Tyler,2012,g3,13.4450610767697,180.34,99.336648,4.7
Marlon Humphrey,2017,g3,22.5174920867359,182.88,89.357624,4.41
Adam Bishop,2008,g2,-2.99499857396529,195.58,112.490816,4.98
B.J. Hill,2018,g1,-30.116252404626,193.04,141.067112,4.99
Ronald Fields,2005,g1,-29.7720764131152,187.96,141.974296,5.24
Sean Harlow,2017,g1,-26.5945308786368,193.04,137.438376,5.15
Lito Sheppard,2002,g3,25.0627440319899,177.8,87.996848,4.47
Rey Maualuga,2009,g2,-1.59830420520181,187.96,112.944408,4.91
Justin Britt,2014,g1,-37.5038714481151,198.12,147.4174,5.19
Coy Wire,2002,g3,17.2349097977521,182.88,94.800728,4.56
Ryan Bartholomew,2011,g1,-24.317406128376,185.42,136.984784,4.93
Jason Brown,2005,g1,-30.3843795996193,190.5,141.974296,5.4
Ben Wilkerson,2005,g1,-24.2213669291382,190.5,135.624008,5.46
Ryan Hoag,2003,g3,19.9722401414819,187.96,90.7184,4.51
Leon Robinson,2005,g1,-31.4368979768719,193.04,142.427888,5.22
Hayden Hurst,2018,g2,-3.26312576895853,193.04,113.398,4.67
C.J. Prosise,2016,g3,12.392542699517,182.88,99.79024,4.48
Baylon Spector,2022,g2,6.66974521978461,182.88,105.686936,4.6
Daryl Washington,2010,g2,6.76578441902247,187.96,104.32616,4.58
Chris McGaha,2010,g3,20.1443281372373,185.42,91.171992,4.52
Donte' Stallworth,2002,g3,22.5174920867359,182.88,89.357624,4.22
Amba Etta-Tawo,2017,g3,17.0628218019967,185.42,94.347136,4.49
Jaylen Watkins,2014,g3,24.4504408454859,180.34,87.996848,4.41
Blair White,2010,g3,16.0103034247441,187.96,94.800728,4.49
Xavier Cooper,2015,g1,-21.5800757846463,190.5,132.902456,4.86
Dominique Byrd,2006,g2,-4.85189853619773,190.5,115.66596,4.79
Stephen Guidry,2020,g3,18.9197217642292,190.5,91.171992,4.47
Brandon Jennings,2000,g3,22.0772768959873,182.88,89.811216,4.51
Titus Davis,2015,g3,22.3454040909805,185.42,88.904032,4.51
Chris Steele,2022,g3,26.9196439942224,182.88,84.821704,4.48
Blair Brown,2017,g2,5.08097245254542,180.34,107.954896,4.65
Chris Faulk,2013,g1,-39.532859406103,195.58,150.138952,5.08
Brandon Harrison,2007,g3,8.08642999126841,187.96,102.965384,4.58
A'Shawn Robinson,2016,g1,-28.3553916416314,193.04,139.252744,5.2
Latef Grim,2001,g3,27.0917319899778,180.34,85.275296,4.6
Ken Shackleford,2007,g1,-35.5709226893652,195.58,146.056624,5.3
Dorian Brooks,2010,g1,-26.6905700778747,187.96,138.799152,5.15
Ernest Shazor,2005,g3,6.42160842751169,193.04,103.418976,4.65
Duane Brown,2008,g1,-31.8771131676206,193.04,142.88148,5.07
Scott Orndoff,2017,g2,-5.19607452770852,195.58,114.758776,4.84
Tanzel Smart,2017,g1,-21.6761149838842,185.42,134.263232,5.24
Darius West,2019,g3,18.2874281750048,180.34,94.347136,4.39
Alan Reuber,2004,g1,-36.6234410666178,198.12,146.510216,5.49
Leo Chenal,2022,g2,-2.6508225824545,190.5,113.398,4.53
Justin Gilbert,2014,g3,20.3164161329927,182.88,91.625584,4.37
Brandon Saine,2011,g3,13.0048458860211,180.34,99.79024,4.4
Marcel Shipp,2001,g3,12.1244155045238,180.34,100.697424,4.71
Trent Murphy,2014,g2,-3.87542895546258,195.58,113.398,4.86
Peyton Hendershot,2022,g2,-3.26312576895853,193.04,113.398,4.8
Andrew Whitworth,2006,g1,-42.078111351357,200.66,151.499728,5.16
Lloyd Cushenberry,2020,g1,-29.9441644088706,190.5,141.520704,5.27
Jabaal Sheard,2011,g2,-8.81383525293556,190.5,119.748288,4.68
Terry Poole,2015,g1,-28.9676948281355,195.58,139.252744,5.09
Ricky Hall,2000,g3,17.33094899699,187.96,93.439952,4.52
Ryan Whalen,2011,g3,19.7041129464886,185.42,91.625584,4.53
Dan Feeney,2017,g1,-27.4749612601341,193.04,138.34556,5.24
Nijrell Eason,2001,g3,20.1443281372373,185.42,91.171992,4.59
Brian Iwuh,2006,g2,6.22953002903597,182.88,106.140528,4.66
Erik Coleman,2004,g3,22.421452887498,177.8,90.7184,4.64
Trent Smith,2003,g2,-0.79392262022205,195.58,110.222856,4.79
Charles Hill,2002,g1,-20.9677725981423,187.96,132.902456,5.06
Dedrick Epps,2010,g2,-2.6508225824545,190.5,113.398,4.7
Ed Reed,2002,g3,21.3689345102454,180.34,91.171992,4.57
Jordan Lomax,2016,g3,21.5410225060007,177.8,91.625584,4.75
Jermaine Phillips,2002,g3,14.4215306575049,185.42,97.068688,4.66
Craig Stevens,2008,g2,-4.41168334544909,190.5,115.212368,4.59
Ty Sambrailo,2015,g1,-31.3408587776341,198.12,141.067112,5.36
Ty Summers,2019,g2,2.5357205072914,185.42,109.315672,4.51
Drew Hodgdon,2005,g1,-28.6235188366247,190.5,140.159928,5.31
Bo Schobel,2004,g2,-13.1199479611842,195.58,122.923432,4.8
Jonathan Pollard,2005,g2,-0.105570637200479,185.42,112.037224,4.68
Juston Burris,2016,g3,15.9142642255062,182.88,96.161504,4.53
Tim Duckworth,2007,g1,-27.3028732643787,190.5,138.799152,5.42
Muhammad Wilkerson,2011,g1,-31.8771131676206,193.04,142.88148,4.96
Derrek Thomas,2019,g3,24.202304053213,190.5,85.728888,4.44
Charles Frederick,2005,g3,24.4504408454859,180.34,87.996848,4.78
T.J. Moe,2013,g3,20.0482889379994,180.34,92.532768,4.74
Salvon Ahmed,2020,g3,23.1297952732399,180.34,89.357624,4.62
Elijah Holyfield,2019,g3,14.937794644771,177.8,98.429464,4.78
Winston Guy,2012,g3,12.6606698945103,185.42,98.883056,4.62
Tyler Marz,2016,g1,-34.1542379178813,200.66,143.335072,5.54
Darian Kinnard,2022,g1,-35.5709226893652,195.58,146.056624,5.31
Brent McCaffrey,2001,g1,-17.3500118729152,193.04,127.912944,5.2
Micah Johnson,2010,g2,-4.9479377354356,185.42,117.026736,4.99
Miles Boykin,2019,g3,9.94332995350087,193.04,99.79024,4.42
Dexter Williams,2019,g3,16.5265674120102,180.34,96.161504,4.57
Adarius Bowman,2008,g3,9.23498756775896,190.5,101.151016,4.74
Christian Thompson,2012,g3,16.3544794162549,182.88,95.707912,4.42
Anthony Brown,2016,g3,25.3308712269832,180.34,87.089664,4.33
Robert Brannon,2000,g1,-29.2358220231287,193.04,140.159928,5.19
Ryon Bingham,2004,g1,-25.9822276921328,190.5,137.438376,5.09
"James Wilder, Jr.",2014,g3,5.27305085102114,190.5,105.233344,4.65
Chijioke Onyenegecha,2006,g3,13.9813154667562,185.42,97.52228,4.55
D.J. Reed,2018,g3,28.3163383629858,175.26,85.275296,4.51
Donnie Avery,2008,g3,25.3308712269832,180.34,87.089664,4.43
Curt McGill,2002,g1,-20.2594302124004,190.5,131.54168,5.07
Mark Anderson,2006,g2,-5.02398653195312,193.04,115.212368,4.62
Malcolm Sheppard,2010,g1,-17.4460510721531,187.96,129.27372,5.11
Larry English,2009,g2,-4.2395953496937,187.96,115.66596,4.74
Mike Humpal,2008,g2,0.602771748541425,187.96,110.676448,4.82
Jordan White,2012,g3,17.6751249885008,182.88,94.347136,4.63
Franklin Dunbar,2008,g1,-37.7719986431084,195.58,148.324584,5.58
Josh Boyce,2013,g3,19.1678585565021,180.34,93.439952,4.38
Bug Howard,2017,g3,9.50311476275222,193.04,100.243832,4.58
Travis Lewis,2012,g2,0.334644553548169,185.42,111.583632,4.83
Stephen Anderson,2016,g2,6.76578441902247,187.96,104.32616,4.59
Tarell Basham,2017,g2,-11.6272143931828,193.04,122.016248,4.7
James White,2014,g3,21.2728953110075,175.26,92.532768,4.57
Joejuan Williams,2019,g3,13.9052666702387,193.04,95.707912,4.64
Chris Clemons,2009,g3,17.6751249885008,182.88,94.347136,4.33
Trevor Reilly,2014,g2,-1.67435300171934,195.58,111.13004,4.67
Lawrence Story,2002,g3,15.9342546282265,195.58,92.98636,4.63
Mitch King,2009,g1,-14.6326719319058,185.42,127.00576,4.81
Marcus Freeman,2009,g2,3.41615088878869,185.42,108.408488,4.51
LaDainian Tomlinson,2001,g3,13.1769338817765,177.8,100.243832,4.46
Jeff Owens,2010,g1,-25.1978365098733,185.42,137.891968,4.97
Andre O'Neal,2000,g2,5.17701165178327,185.42,106.59412,4.72
Trevor Insley,2000,g3,24.7185680404791,182.88,87.089664,4.7
Willie Beavers,2016,g1,-35.1307074986165,195.58,145.603032,5.28
Tony Fisher,2002,g3,9.1389483685211,185.42,102.511792,4.66
Chaun Thompson,2003,g2,2.36363251153601,187.96,108.86208,4.58
Brian Westbrook,2002,g3,23.6460592605061,172.72,90.7184,4.57
Dameon Pierce,2022,g3,14.4975794540224,177.8,98.883056,4.59
Mike McGlynn,2008,g1,-30.116252404626,193.04,141.067112,5.38
Markus Kuhn,2012,g1,-25.4459733021463,195.58,135.624008,4.87
D.J. Harper,2013,g3,18.191388975767,175.26,95.707912,4.52
George Pickens,2022,g3,21.5610129087211,190.5,88.45044,4.47
Ikem Ekwonu,2022,g1,-29.6760372138773,193.04,140.61352,4.93
Gosder Cherilus,2008,g1,-32.66150434988,198.12,142.427888,5.14
Trey Williams,2015,g3,26.4594384007534,170.18,88.45044,4.49
C.J. Ah You,2007,g2,-13.8282903469261,193.04,124.284208,4.7
Jonathan Newsome,2014,g2,-1.33017701020856,190.5,112.037224,4.73
Auden Tate,2018,g3,5.80930524100764,195.58,103.418976,4.68
Phillip Thomas,2013,g3,17.6751249885008,182.88,94.347136,4.65
Mike Jones,2007,g1,-29.8481252096328,195.58,140.159928,5.46
Alex Barnes,2019,g3,9.75125155502514,182.88,102.511792,4.59
Ryan Winterswyk,2011,g2,-11.1869992024342,193.04,121.562656,4.96
Jason Allen,2006,g3,16.6226066112481,185.42,94.800728,4.39
Derek Landri,2007,g1,-18.7666966443991,187.96,130.634496,4.96
Paul Arnold,2003,g3,14.8617458482535,185.42,96.615096,4.53
James Lee,2003,g1,-37.1596954566043,193.04,148.324584,4.98
Ian Campbell,2009,g2,-9.86635363018824,193.04,120.20188,4.99
A.J. Terrell,2020,g3,22.7856192817292,185.42,88.45044,4.42
Devery Henderson,2004,g3,22.6895800824913,180.34,89.811216,4.41
Matthew Thomas,2018,g2,5.27305085102114,190.5,105.233344,4.58
Bryant Johnson,2003,g3,13.8092274710008,187.96,97.068688,4.57
Cole Pemberton,2010,g1,-33.7140227271327,200.66,142.88148,5.37
Justin Pugh,2013,g1,-28.3553916416314,193.04,139.252744,5.12
Chris Hackett,2015,g3,23.3979224682332,182.88,88.45044,4.81
Dorian Johnson,2017,g1,-25.8861884928949,195.58,136.0776,5.27
Jared Odrick,2010,g1,-27.6470492558895,195.58,137.891968,5.03
Nick Leckey,2004,g1,-20.2594302124004,190.5,131.54168,5.26
Jewel Hampton,2012,g3,15.1098826405264,175.26,98.883056,4.56
Nolan Carroll,2010,g3,20.0482889379994,180.34,92.532768,4.42
LeGarrette Blount,2010,g3,3.14802369379545,182.88,109.315672,4.7
Doug Jolley,2002,g2,-3.70334095970718,193.04,113.851592,4.6
D.J. Cooper,2000,g1,-14.536632732668,190.5,125.644984,5.22
Coryell Judie,2012,g3,23.8381376589818,182.88,87.996848,4.45
Brian Allen,2017,g3,12.7567090937481,190.5,97.52228,4.48
Braylon Sanders,2022,g3,23.8381376589818,182.88,87.996848,4.48
Bryan Cox Jr.,2017,g2,-9.25405044368421,190.5,120.20188,4.89
Chad Nkang,2007,g3,13.0048458860211,180.34,99.79024,4.52
Jonathan Cooper,2013,g1,-28.8916460316179,187.96,141.067112,5.07
Lance Moore,2005,g3,33.158705461221,175.26,80.285784,4.52
Deatrich Wise Jr.,2017,g2,-14.4405935334301,195.58,124.284208,4.92
Chester Taylor,2002,g3,16.0863522212616,180.34,96.615096,4.58
Billy Baber,2001,g2,-5.46420172270177,193.04,115.66596,4.76
Maurice Jones,2004,g2,-0.986001018697773,185.42,112.944408,4.71
De'Vondre Campbell,2016,g2,4.6607476645171,193.04,105.233344,4.58
Rian Wallace,2005,g2,1.92341732078737,187.96,109.315672,4.73
Jamaal Williams,2017,g3,15.9142642255062,182.88,96.161504,4.59
Essang Bassey,2020,g3,26.9956927907399,175.26,86.636072,4.46
Duke Ihenacho,2012,g3,15.4740490347576,182.88,96.615096,4.67
Tre Flowers,2018,g3,19.3599369549778,190.5,90.7184,4.45
Rashan Gary,2019,g2,-15.148935919172,193.04,125.644984,4.58
Mike Jackson,2019,g3,16.1823914204995,185.42,95.25432,4.45
Geoff Hangartner,2005,g1,-26.3264036836436,195.58,136.531192,5.21
Michael Lewis,2002,g3,15.7421762297508,185.42,95.707912,4.6
Byron Maxwell,2011,g3,20.3164161329927,182.88,91.625584,4.43
Nick Deluca,2018,g2,-3.09103777320314,190.5,113.851592,4.85
Bobby Sippio,2002,g3,13.1969242844968,190.5,97.068688,4.69
T.J. Duckett,2002,g3,-2.57477378593696,182.88,115.212368,4.45
Brian Bonner,2008,g3,23.5700104639886,180.34,88.904032,4.61
Jordan Hicks,2015,g2,4.73679646103463,185.42,107.047712,4.68
Thomas Welch,2010,g1,-29.5799980146395,198.12,139.252744,5.42
Antwaun Molden,2008,g3,21.4649737094832,185.42,89.811216,4.39
Isaac Seumalo,2016,g1,-26.5945308786368,193.04,137.438376,5.19
Jamal Adams,2017,g3,15.0338338440089,182.88,97.068688,4.56
Bill Swancutt,2005,g2,-12.0674295839315,193.04,122.46984,5
DeAndra Cobb,2005,g3,24.1823136504926,177.8,88.904032,4.49
Donatella Luckett,2015,g3,16.3544794162549,182.88,95.707912,4.4
Syndric Steptoe,2007,g3,25.675047218494,175.26,87.996848,4.59
Daniel Graham,2002,g2,-1.7703922009572,190.5,112.490816,4.64
Taylor Dever,2012,g1,-25.0057581113976,195.58,135.170416,5.4
Taurean Henderson,2006,g3,21.2728953110075,175.26,92.532768,4.62
Eric Reid,2013,g3,14.8617458482535,185.42,96.615096,4.53
Laken Tomlinson,2015,g1,-34.7865315071057,190.5,146.510216,5.33
Mark Barron,2012,g3,14.8617458482535,185.42,96.615096,4.54
Tristan Wirfs,2020,g1,-34.6904923078679,195.58,145.14944,4.85
Connor McGovern,2016,g1,-27.9151764508828,193.04,138.799152,5.11
Chris Lacy,2018,g3,17.1588610012346,190.5,92.98636,4.51
Paul Fanaika,2009,g1,-37.7719986431084,195.58,148.324584,5.48
Dan Dawson,2002,g3,12.2204547037616,185.42,99.336648,4.57
Robert Alford,2013,g3,27.7040351764818,177.8,85.275296,4.39
Jonas Gray,2012,g3,12.2965035002792,177.8,101.151016,4.58
Dominique Robertson,2016,g1,-36.4513530708624,195.58,146.963808,5.36
Alvin Bailey,2013,g1,-29.9441644088706,190.5,141.520704,4.95
Tanner Muse,2020,g3,8.08642999126841,187.96,102.965384,4.41
A.Q. Shipley,2009,g1,-25.1978365098733,185.42,137.891968,5.19
Bryan Mattison,2008,g2,-20.2594302124004,190.5,131.54168,5.05
Quandre Diggs,2015,g3,24.7946168369967,175.26,88.904032,4.56
Aviante Collins,2017,g1,-23.0728093526476,193.04,133.80964,4.81
Albert McClellan,2010,g2,-0.105570637200479,185.42,112.037224,4.75
Wesley Britt,2005,g1,-33.8861107228881,203.2,142.427888,5.2
Teyo Johnson,2003,g3,-2.55478338321664,195.58,112.037224,4.61
Paul Soliai,2007,g1,-44.6433536993313,193.04,156.035648,5.1
Genard Avery,2018,g2,-0.545785827949126,185.42,112.490816,4.59
Scoota Harris,2020,g2,6.22953002903597,182.88,106.140528,4.69
Ronnie Rivers,2022,g3,25.8471352142494,172.72,88.45044,4.6
Winston Justice,2006,g1,-34.8625803036233,198.12,144.695848,5.16
Todd Blythe,2008,g3,11.9723179114887,195.58,97.068688,4.65
Eric Downing,2001,g1,-25.5420125013841,190.5,136.984784,5.23
Chris Worley,2018,g2,3.24406289303329,187.96,107.954896,4.86
D.K. Metcalf,2019,g3,7.03391161401573,190.5,103.418976,4.33
Steve Savoy,2005,g3,25.3308712269832,180.34,87.089664,4.62
Brandon Spikes,2010,g2,-2.21060739170585,190.5,112.944408,5.05
Jordan Cameron,2011,g2,-5.63628971845717,195.58,115.212368,4.53
Greg Blue,2006,g3,12.9287970895035,187.96,97.975872,4.57
Derrick Shelby,2012,g2,-9.69426563443285,190.5,120.655472,4.87
Quinton Patton,2013,g3,19.4359857514954,182.88,92.532768,4.53
Jarron Jones,2017,g1,-33.5419347313773,198.12,143.335072,5.33
Vince Biegel,2017,g2,-0.889961819459908,190.5,111.583632,4.67
Darrian Miller,2015,g1,-28.9676948281355,195.58,139.252744,5.51
Kevin Austin Jr.,2022,g3,19.9722401414819,187.96,90.7184,4.43
Caleb Brantley,2017,g1,-27.7430884551274,190.5,139.252744,5.14
Kory Sheets,2009,g3,18.2874281750048,180.34,94.347136,4.39
Jeremy Kerley,2011,g3,27.8761231722372,175.26,85.728888,4.56
Bryan Bulaga,2010,g1,-32.049201163376,195.58,142.427888,5.2
Haloti Ngata,2006,g1,-42.0020625548395,193.04,153.314096,5.13
Jordan Zumwalt,2014,g2,3.34010209227116,193.04,106.59412,4.76
Johnathan Hankins,2013,g1,-33.4658859348598,190.5,145.14944,5.31
D.J. Swearinger,2013,g3,18.8997313615089,177.8,94.347136,4.67
Zach Strief,2006,g1,-40.9295537748664,203.2,149.68536,5.38
Jeff Allen,2012,g1,-28.3553916416314,193.04,139.252744,5.17
Jonathan Casillas,2009,g2,8.2585179870238,185.42,103.418976,4.5
Marshall Williams,2011,g3,25.8671256169697,185.42,85.275296,4.56
Darnell Bing,2006,g3,8.08642999126841,187.96,102.965384,4.53
Jaleel Johnson,2017,g1,-31.7050251718652,190.5,143.335072,5.38
Lamar Mady,2013,g1,-31.5329371761098,187.96,143.788664,5.48
Marcus Smith,2014,g2,-3.09103777320314,190.5,113.851592,4.66
Chuck Clark,2017,g3,17.6751249885008,182.88,94.347136,4.54
Lamin Barrow,2014,g2,4.29658127028598,185.42,107.501304,4.64
Leonard Peters,2007,g3,16.1823914204995,185.42,95.25432,4.8
Daniel Fells,2006,g2,-6.61275929919232,190.5,117.480328,4.95
Brandon Linder,2014,g1,-31.3408587776341,198.12,141.067112,5.35
John Brown,2014,g3,31.6659718932196,177.8,81.192968,4.34
Cody Grimm,2010,g3,20.4885041287481,180.34,92.079176,4.55
Orie Lemon,2011,g2,2.09550531654276,185.42,109.769264,4.87
DeAngelo Lloyd,2001,g2,-10.0384416259436,195.58,119.748288,4.88
Gabe Nyenhuis,2004,g2,-11.0149112066788,190.5,122.016248,4.74
Terence Steele,2020,g1,-31.7810739683827,198.12,141.520704,5.03
Bilal Powell,2011,g3,19.3399465522575,177.8,93.893544,4.51
John Howell,2001,g3,19.4359857514954,182.88,92.532768,4.64
Jamil Demby,2018,g1,-33.6379739306152,193.04,144.695848,5.58
Stewart Bradley,2007,g2,-5.02398653195312,193.04,115.212368,4.72
Montez Sweat,2019,g2,-8.88988404945309,198.12,117.93392,4.41
JaJuan Dawson,2000,g3,21.0247585187346,185.42,90.264808,4.55
Jerome Murphy,2010,g3,22.9577072774845,182.88,88.904032,4.5
Scott Mruczkowski,2005,g1,-34.5184043121124,193.04,145.603032,5.29
Trevor Guyton,2012,g2,-18.0583542586571,190.5,129.27372,5.01
Derrell Smith,2011,g2,2.26759331229816,182.88,110.222856,4.76
Michael Okwo,2007,g2,7.7222635970373,180.34,105.233344,4.7
Rufus Brown,2004,g3,28.7565535537345,175.26,84.821704,4.43
Maurice Canady,2016,g3,23.6660496632264,185.42,87.543256,4.49
Julian Jenkins,2006,g2,-15.148935919172,193.04,125.644984,5.03
P.J. Alexander,2002,g1,-24.8336701156422,193.04,135.624008,5.38
Tyrone McKenzie,2009,g2,1.04298693929007,187.96,110.222856,4.76
Blaise Andries,2022,g1,-30.0202132053881,198.12,139.706336,5.1
Shareece Wright,2011,g3,28.4123775622237,180.34,83.91452,4.41
Markus White,2011,g2,-9.69426563443285,190.5,120.655472,4.86
Vernon Davis,2006,g2,-4.41168334544909,190.5,115.212368,4.38
Darnay Holmes,2020,g3,24.6225288412413,177.8,88.45044,4.48
Jonathan Orr,2006,g3,20.8526705229792,187.96,89.811216,4.44
Andre Chachere,2018,g3,21.19684651449,182.88,90.7184,4.49
Rameel Connor,2000,g2,-14.0964175419193,190.5,125.191392,5
Tanner Vallejo,2017,g2,8.2585179870238,185.42,103.418976,4.67
Andre Dixon,2010,g3,18.3834673742427,185.42,92.98636,4.56
Javon Leake,2020,g3,14.5936186532603,182.88,97.52228,4.65
Charlie Taumoepeau,2020,g2,2.36363251153601,187.96,108.86208,4.75
Richie Ross,2006,g3,14.785697051736,193.04,94.800728,4.61
Andre Hall,2006,g3,20.1243377345169,172.72,94.347136,4.4
Owen Daniels,2006,g2,-3.97146815470044,190.5,114.758776,4.65
Michael Griffin,2007,g3,20.3164161329927,182.88,91.625584,4.45
Michael Campanaro,2014,g3,26.5554775999913,175.26,87.089664,4.46
Ryan Russell,2015,g2,-11.6272143931828,193.04,122.016248,4.75
Mark Herzlich,2011,g2,-0.621834624466652,193.04,110.676448,4.91
Scott Wells,2004,g1,-24.0492789333828,187.96,136.0776,5.3
Henry Anderson,2015,g2,-23.8572005349071,198.12,133.356048,4.97
Charles Lee,2000,g3,19.7041129464886,185.42,91.625584,4.56
Kevin Dodd,2016,g2,-15.761239105676,195.58,125.644984,4.86
Jace Sayler,2001,g1,-23.244897348403,195.58,133.356048,5.06
Patrick Willis,2007,g2,2.09550531654276,185.42,109.769264,4.51
Jack Williams,2000,g3,19.7801617430062,177.8,93.439952,4.72
Jerome Smith,2014,g3,13.0048458860211,180.34,99.79024,4.84
Trevor Johnson,2004,g2,-8.27758086294905,195.58,117.93392,4.8
Jonah Williams,2019,g1,-26.1543156878882,193.04,136.984784,5.12
Mike Gesicki,2018,g2,-2.55478338321664,195.58,112.037224,4.54
Avery Gennesy,2017,g1,-32.5854555533625,190.5,144.242256,5.35
Nick Kaczur,2005,g1,-33.6379739306152,193.04,144.695848,5.28
Deandre Coleman,2014,g1,-32.049201163376,195.58,142.427888,5.12
Jaylen Samuels,2018,g2,10.8037699322778,180.34,102.0582,4.54
Gabriel Davis,2020,g3,12.9287970895035,187.96,97.975872,4.54
Jovon Durante,2019,g3,39.4177573309399,180.34,72.57472,4.55
Randy Black,2001,g3,18.9957705607467,182.88,92.98636,4.74
Adam Carriker,2007,g2,-24.7376309164044,198.12,134.263232,4.9
Mychal Kendricks,2012,g2,4.64075726179677,180.34,108.408488,4.44
Rasheem Green,2018,g2,-14.8808087241787,195.58,124.7378,4.73
Jeron Johnson,2011,g3,17.1388705985143,177.8,96.161504,4.51
Alonzo Russell,2016,g3,16.1063426239819,193.04,93.439952,4.54
Shamarko Thomas,2013,g3,17.3109585942697,175.26,96.615096,4.42
Keith Smith,2011,g3,13.8092274710008,187.96,97.068688,4.65
Matthew Tucker,2013,g3,11.9523275087684,182.88,100.243832,4.55
Tyrion Davis-Price,2022,g3,16.3544794162549,182.88,95.707912,4.48
Josh Oliver,2019,g2,-3.43521376471393,195.58,112.944408,4.63
Montae Nicholson,2017,g3,14.6896578524981,187.96,96.161504,4.42
Jimmy Martin,2006,g1,-27.2068340651409,195.58,137.438376,5.23
Rashawn Scott,2016,g3,21.0247585187346,185.42,90.264808,4.54
Sylvester Williams,2013,g1,-30.3843795996193,190.5,141.974296,5.03
James Brewer,2011,g1,-36.6234410666178,198.12,146.510216,5.21
Pierre Garcon,2008,g3,16.7946946070035,182.88,95.25432,4.42
Tyler Badie,2022,g3,24.9667048327521,172.72,89.357624,4.45
Ola Adeniyi,2018,g2,-1.15808901445316,187.96,112.490816,4.83
Aaron Dobson,2013,g3,14.9577850474914,190.5,95.25432,4.37
Kyle Fuller,2017,g1,-28.9676948281355,195.58,139.252744,5.24
Eldra Buckley,2007,g3,22.1533256925048,175.26,91.625584,4.56
Skyler Phillips,2018,g1,-32.5854555533625,190.5,144.242256,5.1
Nate Byham,2010,g2,-11.1869992024342,193.04,121.562656,4.97
Darryl Sharpton,2010,g2,5.96140283404271,180.34,107.047712,4.81
Denzel Ward,2018,g3,29.905111130225,177.8,83.007336,4.32
Evan Moore,2008,g2,2.99592610076037,198.12,105.686936,4.74
Josh Davis,2004,g3,22.421452887498,177.8,90.7184,4.54
Boo Williams,2000,g3,12.1244155045238,180.34,100.697424,4.52
Jonathon Amaya,2010,g3,19.26389775574,185.42,92.079176,4.43
Tony Pollard,2019,g3,16.7946946070035,182.88,95.25432,4.52
Jahi Word-Daniels,2009,g3,22.5174920867359,182.88,89.357624,4.59
Trung Canidate,2000,g3,24.8906560362345,180.34,87.543256,4.41
Morris Wooten,2009,g2,7.55017560128191,182.88,104.779752,5
Jessie Daniels,2007,g3,14.7657066490157,180.34,97.975872,4.54
Will Blackmon,2006,g3,22.0772768959873,182.88,89.811216,4.47
Josh Redding,2001,g1,-32.7575435491179,193.04,143.788664,5.47
Marques Sullivan,2001,g1,-42.6143657413435,195.58,153.314096,5.32
Fenuki Tupou,2009,g1,-32.049201163376,195.58,142.427888,5.2
Leon Orr,2015,g1,-36.0111378801138,195.58,146.510216,5.16
Martin Emerson,2022,g3,19.5320249507332,187.96,91.171992,4.53
DeAndrew White,2015,g3,24.8906560362345,180.34,87.543256,4.44
Joe Staley,2007,g1,-29.1397828238908,198.12,138.799152,4.79
Rueben Randle,2012,g3,14.9577850474914,190.5,95.25432,4.55
Vincent Taylor,2017,g1,-26.4224428828814,190.5,137.891968,5.07
Maurice Brown,2004,g3,12.8327578902657,182.88,99.336648,4.56
Chase Johnson,2005,g1,-40.9295537748664,203.2,149.68536,5.41
Fili Moala,2009,g1,-27.4749612601341,193.04,138.34556,5.07
Chastin West,2010,g3,15.9142642255062,182.88,96.161504,4.59
Gabe Wright,2015,g1,-24.6615821198868,190.5,136.0776,5.07
Tank Williams,2002,g3,10.2875059450116,187.96,100.697424,4.46
William Kershaw,2006,g2,1.75132932503198,190.5,108.86208,4.63
Kevin Ware,2003,g2,-5.29211372694638,190.5,116.119552,4.79
Kenyatta Jones,2001,g1,-28.183303645876,190.5,139.706336,5.01
Chad Lavalais,2004,g1,-24.7576213191247,185.42,137.438376,5.09
Constantin Ritzmann,2004,g2,-6.61275929919232,190.5,117.480328,4.97
Leron McCoy,2005,g3,15.7421762297508,185.42,95.707912,4.4
Scott Jackson,2004,g1,-25.2738853063909,193.04,136.0776,4.98
John McCargo,2006,g1,-24.317406128376,185.42,136.984784,5.15
Ryan Steed,2012,g3,24.6225288412413,177.8,88.45044,4.64
Keaontay Ingram,2022,g3,11.9523275087684,182.88,100.243832,4.53
Ted Ginn,2007,g3,31.4938838974642,180.34,80.739376,4.38
Tyrell Johnson,2008,g3,18.1153401792494,182.88,93.893544,4.41
Amara Darboh,2017,g3,13.8092274710008,187.96,97.068688,4.45
Lionel Dotson,2008,g1,-23.5130245433963,193.04,134.263232,5.38
Andy Alleman,2007,g1,-27.4749612601341,193.04,138.34556,5.07
Larry Stevens,2004,g2,1.92341732078737,187.96,109.315672,4.86
Saahdiq Charles,2020,g1,-34.5184043121124,193.04,145.603032,5.05
Amini Silatolu,2012,g1,-30.116252404626,193.04,141.067112,5.33
Clinton Portis,2002,g3,20.0482889379994,180.34,92.532768,4.42
Kyle Long,2013,g1,-32.2212891591314,198.12,141.974296,4.91
A.C. Leonard,2014,g2,-2.91894977744775,187.96,114.305184,4.5
Brian Urlacher,2000,g2,-6.78484729494771,193.04,117.026736,4.59
Chris Denman,2007,g1,-33.1017195406287,198.12,142.88148,5.62
Janzen Jackson,2012,g3,27.0917319899778,180.34,85.275296,4.6
Lydell Sargeant,2009,g3,27.4359079814886,175.26,86.18248,4.48
Devante Bond,2016,g2,5.17701165178327,185.42,106.59412,4.7
Josh Robinson,2015,g3,16.1624010177791,172.72,98.429464,4.7
Jonathan Ledbetter,2019,g2,-16.4695814914179,193.04,127.00576,5.14
Drew Strojny,2004,g1,-38.9966050161165,200.66,148.324584,5.37
Brennan Marion,2009,g3,27.5319471807264,180.34,84.821704,4.52
Bennie Joppru,2003,g2,-12.9478599654288,193.04,123.377024,4.78
Rock Ya-Sin,2019,g3,24.7185680404791,182.88,87.089664,4.51
Austin Deculus,2022,g1,-35.1307074986165,195.58,145.603032,5.08
Kendrick Rogers,2001,g1,-30.72855559113,195.58,141.067112,5.16
Darnell Jenkins,2008,g3,28.7565535537345,175.26,84.821704,4.52
Jasper Brinkley,2009,g2,-2.91894977744775,187.96,114.305184,4.67
Nevin Lawson,2014,g3,27.4359079814886,175.26,86.18248,4.48
David Terrell,2001,g3,13.6371394752454,190.5,96.615096,4.43
Jonathan Lewis,2006,g1,-27.3989124636166,185.42,140.159928,4.97
Mike Collins,2002,g1,-25.8861884928949,195.58,136.0776,5.53
Marcus Dixon,2008,g2,-21.7521637804017,193.04,132.448864,5.2
Darnell Dockett,2004,g1,-23.3409365476409,190.5,134.716824,5
Ryan Miller,2012,g1,-36.3553138716246,200.66,145.603032,5.16
Justin Kurpeikis,2001,g2,-3.53125296395179,190.5,114.305184,4.97
Andy Eby,2002,g1,-24.6615821198868,190.5,136.0776,5.1
Brandon Parker,2018,g1,-29.9241740061503,203.2,138.34556,5.4
Mark Roman,2000,g3,27.0917319899778,180.34,85.275296,4.55
Quentin Harris,2002,g3,14.1534034625116,182.88,97.975872,4.61
Gerald Cadogan,2009,g1,-29.8481252096328,195.58,140.159928,4.99
Deon Cain,2018,g3,19.0918097599846,187.96,91.625584,4.43
Domanick Williams,2003,g3,17.3109585942697,175.26,96.615096,4.63
Armon Binns,2011,g3,15.39800023824,190.5,94.800728,4.5
Abraham Elimimian,2005,g3,26.8236047949845,177.8,86.18248,4.62
Jerard White,2000,g3,14.8617458482535,185.42,96.615096,4.61
Mike Person,2011,g1,-24.8336701156422,193.04,135.624008,5.07
Von Hutchins,2004,g3,29.0246807487277,177.8,83.91452,4.46
Ja'Tyre Carter,2022,g1,-29.503949218122,190.5,141.067112,5.13
Jason McAddley,2002,g3,19.26389775574,185.42,92.079176,4.47
Scott Young,2005,g1,-30.5564675953746,193.04,141.520704,5.08
Kareem Jackson,2010,g3,24.1823136504926,177.8,88.904032,4.4
Ed Wang,2010,g1,-32.049201163376,195.58,142.427888,5.18
Leki Fotu,2020,g2,-39.0926442153543,195.58,149.68536,5.15
Ryan Spadola,2013,g3,18.8236825649913,185.42,92.532768,4.48
Rich Alexis,2004,g3,16.7946946070035,182.88,95.25432,4.64
Nelson Spruce,2016,g3,17.943252183494,185.42,93.439952,4.69
Derrick Knight,2004,g3,19.0718193572643,175.26,94.800728,4.71
Marshawn Lynch,2007,g3,15.2059218397643,180.34,97.52228,4.46
J.R. Reed,2020,g3,19.7041129464886,185.42,91.625584,4.54
Aaron Maybin,2009,g2,-2.82291057820989,193.04,112.944408,4.64
Erik Cook,2010,g1,-34.4223651128746,198.12,144.242256,5.55
Brian Hill,2017,g3,12.2204547037616,185.42,99.336648,4.54
Daniel Kilgore,2011,g1,-28.183303645876,190.5,139.706336,5.28
Rolando McClain,2010,g2,-4.41168334544909,190.5,115.212368,4.68
Akeem Dent,2011,g2,2.09550531654276,185.42,109.769264,4.73
Godwin Igwebuike,2018,g3,18.9957705607467,182.88,92.98636,4.44
Kyle Link,2009,g1,-28.0872644466382,195.58,138.34556,5.45
Robert Herron,2014,g3,26.1152624092426,175.26,87.543256,4.48
Ashley Lelie,2002,g3,20.6805825272238,190.5,89.357624,4.49
Kurt Vollers,2002,g1,-36.3553138716246,200.66,145.603032,5.36
Alan Bonner,2013,g3,25.5029592227386,177.8,87.543256,4.59
Lucas Nix,2012,g1,-33.3698467356219,195.58,143.788664,5.36
Tariq Castro-Fields,2022,g3,21.9051889002319,185.42,89.357624,4.38
Brandon Mosley,2012,g1,-32.66150434988,198.12,142.427888,5.14
Matterral Richardson,2008,g3,24.4504408454859,180.34,87.996848,4.64
Kyle Hamilton,2022,g3,9.94332995350087,193.04,99.79024,4.59
Tony Pape,2004,g1,-36.6234410666178,198.12,146.510216,5.36
Cliff Matthews,2011,g2,-5.73232891769503,190.5,116.573144,4.81
Nate Herbig,2019,g1,-40.0691137960895,190.5,151.95332,5.41
Nick Rogers,2002,g2,-2.47873458669911,187.96,113.851592,4.73
Tank Carder,2012,g2,4.12449327453059,187.96,107.047712,4.58
Anthony Bryant,2005,g1,-40.9495441775868,190.5,152.860504,5.06
Michael Clayton,2004,g3,15.39800023824,190.5,94.800728,4.67
Kyle Murphy,2016,g1,-28.6995676331422,198.12,138.34556,5.19
Mike Neal,2010,g1,-22.0202909753949,190.5,133.356048,4.87
LeVante Bellamy,2020,g3,26.5554775999913,175.26,87.089664,4.5
Fred Ross,2017,g3,14.8617458482535,185.42,96.615096,4.51
Chris Owens,2009,g3,30.7855415117223,177.8,82.100152,4.44
Corey Williams,2004,g1,-30.9966827861233,193.04,141.974296,5.18
David Diehl,2003,g1,-30.9006435868854,198.12,140.61352,5.26
Will Allen,2001,g3,25.9431744134872,177.8,87.089664,4.44
Joe Don Duncan,2014,g2,-10.5746960159301,190.5,121.562656,4.79
Dante Wesley,2002,g3,15.7421762297508,185.42,95.707912,4.43
Jimmy Smith,2011,g3,15.1298730432468,187.96,95.707912,4.42
Trey Darilek,2004,g1,-25.7141004971395,193.04,136.531192,5.23
Tanner Hawkinson,2013,g1,-25.0057581113976,195.58,135.170416,5.07
Blake Bell,2015,g2,-5.36816252346391,198.12,114.305184,4.8
Jordan Richards,2015,g3,16.9667826027589,180.34,95.707912,4.65
Nick Fairley,2011,g1,-21.3119485896531,193.04,131.995272,4.84
Fred Booker,2001,g3,26.1152624092426,175.26,87.543256,4.65
Chris Carter,2011,g2,-0.545785827949126,185.42,112.490816,4.58
Chris Young,2002,g3,16.7946946070035,182.88,95.25432,4.63
Brandon Meriweather,2007,g3,24.0102256547372,180.34,88.45044,4.47
Chad Beasley,2002,g1,-27.2068340651409,195.58,137.438376,5.15
Leon Washington,2006,g3,23.2058440697575,172.72,91.171992,4.42
Jeremy Trueblood,2006,g1,-34.7665411043854,203.2,143.335072,5.25
DaShon Polk,2000,g2,5.44513884677653,187.96,105.686936,4.75
Holton Hill,2018,g3,19.3599369549778,190.5,90.7184,4.49
D'Brickashaw Ferguson,2006,g1,-31.7810739683827,198.12,141.520704,5.08
Frank Romero,2002,g1,-25.2738853063909,193.04,136.0776,5.3
Kenny Peterson,2003,g2,-23.7811517383895,190.5,135.170416,4.8
Justin Blalock,2007,g1,-33.4658859348598,190.5,145.14944,5.1
Keith Smith,2000,g3,19.3399465522575,177.8,93.893544,4.5
Isaiah Ford,2017,g3,23.2258344724778,185.42,87.996848,4.61
Sedrick Curry,2000,g3,21.9051889002319,185.42,89.357624,4.44
Erik Flowers,2000,g2,-12.5076447746801,193.04,122.923432,4.75
Dicenzo Miller,2002,g3,15.8182250262683,177.8,97.52228,4.93
Zane Taylor,2011,g1,-28.0112156501206,187.96,140.159928,5.52
Anthony Hill,2009,g2,-9.15801124444635,195.58,118.841104,4.84
Larry Fitzgerald,2004,g3,8.35455718626167,190.5,102.0582,4.48
Kader Drame,2006,g1,-21.4840365854084,195.58,131.54168,5.25
